name,cuisine,link,main_cuisine,rating,cost
Molecule,"Asian, Chinese, Bar Food",https://www.zomato.com/gwalior/molecule-lashkar/info,Asian,4.4,1000
Kwality Restaurant,"North Indian, Chinese, Continental, Biryani, Desserts",https://www.zomato.com/gwalior/kwality-restaurant-city-center/info,North Indian,4.8,700
Muscle Vision Nutrition,"Continental, North Indian, Chinese, Sandwich, Fast Food, Shake, Juices, Beverages",https://www.zomato.com/gwalior/muscle-vision-nutrition-city-center/info,Continental,3.5,450
Starbucks Coffee,"Cafe, Beverages, Coffee",https://www.zomato.com/gwalior/starbucks-coffee-city-center/info,Cafe,4.4,900
Xero Degrees,"Pizza, Fast Food, Chinese, Burger, Sandwich, Italian, Shake, Beverages",https://www.zomato.com/gwalior/xero-degrees-city-center/info,Pizza,4.0,450
Biryani By Kilo,"Biryani, Hyderabadi, Kebab, North Indian, Ice Cream, Desserts",https://www.zomato.com/gwalior/biryani-by-kilo-city-center/info,Biryani,4.6,700
Param Food Complex,"Chinese, South Indian, North Indian, Italian, Fast Food, Street Food, Bakery, Beverages",https://www.zomato.com/gwalior/param-food-complex-3-city-center/info,Chinese,4.4,500
Farzi Cafe,"North Indian, Chinese, Fast Food, Kebab",https://www.zomato.com/gwalior/farzi-cafe-mahalgaon/info,North Indian,3.2,500
McDonald's,"Burger, Fast Food, Beverages, Coffee",https://www.zomato.com/gwalior/mcdonalds-lashkar/info,Burger,4.1,500
"VYB - Cafe, Bar, Rooftop, Kitchen","Bar Food, Continental, North Indian, Italian, Middle Eastern, Chinese, Fast Food, Desserts",https://www.zomato.com/gwalior/vyb-cafe-bar-rooftop-kitchen-city-center/info,Bar Food,4.0,1400
Todos,"Bar Food, North Indian, Chinese, Seafood, Pizza, Pasta, Fast Food, Desserts",https://www.zomato.com/gwalior/todos-lashkar/info,Bar Food,,1200
Taste Of Punjab,"North Indian, Chinese, Fast Food",https://www.zomato.com/gwalior/taste-of-punjab-1-thatipur/info,North Indian,4.1,500
Fundoon,"Pizza, Burger, Fast Food, Shake, Beverages, Italian, Chinese",https://www.zomato.com/gwalior/fundoon-city-center/info,Pizza,,1000
Solanas Chinese & Thai,"Chinese, Thai, Momos, Beverages",https://www.zomato.com/gwalior/solanas-chinese-thai-model-town/info,Chinese,4.0,1000
Panchvati Gaurav,"North Indian, Rajasthani",https://www.zomato.com/gwalior/panchvati-gaurav-city-center/info,North Indian,4.4,500
The Bakery Next Door,"Bakery, Pizza, Sandwich, Burger, Fast Food, Chinese, Coffee, Beverages",https://www.zomato.com/gwalior/the-bakery-next-door-city-center/info,Bakery,4.0,250
Indish - Radisson,"North Indian, Mughlai, Continental",https://www.zomato.com/gwalior/indish-radisson-mahalgaon/info,North Indian,4.9,1500
Pakwan,"North Indian, Fast Food, Chinese, Italian",https://www.zomato.com/gwalior/pakwan-city-center/info,North Indian,4.3,500
Bistro 57,"Pizza, Pasta, North Indian, Beverages, Chinese, Italian, Cafe, Desserts",https://www.zomato.com/gwalior/bistro-57-city-center/info,Pizza,4.4,700
The Bridge - Clark's Inn Suites,"North Indian, Mughlai, Continental, Chinese, Shake",https://www.zomato.com/gwalior/the-bridge-clarks-inn-suites-lashkar/info,North Indian,4.2,1500
Friends Zone,"Fast Food, Chinese, Pizza, Sandwich, Burger, Street Food, Tea, Beverages",https://www.zomato.com/gwalior/friends-zone-morar/info,Fast Food,3.3,300
The Moziac,"North Indian, Chinese, South Indian, Continental, Fast Food, Biryani, Desserts, Beverages",https://www.zomato.com/gwalior/the-moziac-city-center/info,North Indian,3.6,1200
Delight Hotel - Nayi Sadak,North Indian,https://www.zomato.com/gwalior/delight-hotel-nayi-sadak-lashkar/info,North Indian,3.2,400
Velkim - Welcome Bakery,"Bakery, South Indian, Chinese, North Indian, Fast Food, Pizza, Sandwich, Desserts",https://www.zomato.com/gwalior/velkim-welcome-bakery-lashkar/info,Bakery,3.3,500
Haldiram's Sweets and Namkeen,"Mithai, Beverages,",https://www.zomato.com/gwalior/haldirams-sweets-and-namkeen-shinde-ki-chhawani/info,Mithai,,200
Raj Bhoj,"North Indian, Chinese, Fast Food, Beverages",https://www.zomato.com/gwalior/raj-bhoj-city-center/info,North Indian,4.2,700
Riceley,"Biryani, North Indian, Chinese, Mexican, Fast Food, Desserts, Korean, Italian",https://www.zomato.com/gwalior/riceley-city-center/info,Biryani,,500
Karishma Hotel,North Indian,https://www.zomato.com/gwalior/karishma-hotel-birla-nagar/info,North Indian,4.0,200
Burger King,"Burger, Fast Food, Beverages",https://www.zomato.com/gwalior/burger-king-lashkar/info,Burger,,300
Volga Restaurant,"North Indian, Chinese, Mughlai, Biryani, Fast Food, Desserts, Beverages",https://www.zomato.com/gwalior/volga-restaurant-lashkar/info,North Indian,4.3,800
Cafe Frespresso,"Cafe, Tea, Beverages, Pizza, Sandwich, Pasta, Fast Food, Desserts",https://www.zomato.com/gwalior/cafe-frespresso-1-city-center/info,Cafe,4.1,750
ChotiWala Restaurant,"North Indian, Chinese",https://www.zomato.com/gwalior/chotiwala-restaurant-city-center/info,North Indian,3.9,350
Indian Coffee House,"South Indian, Fast Food, Chinese, North Indian, Mughlai, Biryani, Beverages",https://www.zomato.com/gwalior/indian-coffee-house-1-lashkar/info,South Indian,4.0,1000
The Royal Class Hotel,"North Indian, Chinese",https://www.zomato.com/gwalior/the-royal-class-hotel-deen-dayal-nagar/info,North Indian,3.5,1000
Hotel Centella,"North Indian, Kebab, Chinese, Mughlai, South Indian, Fast Food, Desserts, Beverages",https://www.zomato.com/gwalior/hotel-centella-city-center/info,North Indian,3.6,500
Barista Coffee,"Cafe, Coffee",https://www.zomato.com/gwalior/barista-coffee-mahalgaon/info,Cafe,,300
Anand Restaurant,"North Indian, Chinese, Pizza, Fast Food, South Indian, Mughlai, Beverages",https://www.zomato.com/gwalior/anand-restaurant-naya-bazaar/info,North Indian,4.4,600
Avadh Foods,"North Indian, Fast Food, Biryani",https://www.zomato.com/gwalior/avadh-foods-lashkar/info,North Indian,3.8,100
House Of Candy,Desserts,https://www.zomato.com/gwalior/house-of-candy-thatipur/info,Desserts,,200
The Burger Company,"Burger, Fast Food, Pizza, Momos, Beverages, Sandwich",https://www.zomato.com/gwalior/the-burger-company-city-center/info,Burger,3.8,600
Pizza Hut,"Pizza, Fast Food, Desserts, Beverages",https://www.zomato.com/gwalior/pizza-hut-city-center/info,Pizza,3.8,300
Stockswala Cafe,"Cafe, Coffee, Shake, Beverages, Pizza, Fast Food, Street Food, Desserts",https://www.zomato.com/gwalior/stockswala-cafe-city-center/info,Cafe,4.1,700
Mahalaxmi Restaurant,"North Indian, Chinese",https://www.zomato.com/gwalior/mahalaxmi-restaurant-lashkar/info,North Indian,4.6,600
Chaatizza,"Pizza, Pasta, Burger, Sandwich, Fast Food, Street Food, Desserts, Beverages",https://www.zomato.com/gwalior/chaatizza-1-city-center/info,Pizza,3.9,300
Mughal Darbar,"North Indian, Mughlai, Chinese, Desserts, Ice Cream, Beverages",https://www.zomato.com/gwalior/mughal-darbar-lashkar/info,North Indian,4.1,700
Hotel Shelter - The Aroma Kitchen,"North Indian, Chinese, Seafood, Beverages, Mughlai, Biryani",https://www.zomato.com/gwalior/hotel-shelter-the-aroma-kitchen-lashkar/info,North Indian,4.0,2000
Shere Punjab Restaurant,"North Indian, Chinese, Fast Food",https://www.zomato.com/gwalior/shere-punjab-restaurant-1-lashkar/info,North Indian,4.2,600
Hotel Ambience,"North Indian, Chinese, Fast Food, Shake, Biryani, Mughlai, Continental",https://www.zomato.com/gwalior/hotel-ambience-city-center/info,North Indian,3.5,1000
AdrakCha,"Cafe, Coffee, Tea, Fast Food, Momos, Desserts, Beverages",https://www.zomato.com/gwalior/adrakcha-deen-dayal-nagar/info,Cafe,,350
VSF Foods,"Chinese, Momos, Sandwich, Burger, Fast Food",https://www.zomato.com/gwalior/vsf-foods-thatipur/info,Chinese,,200
Dream Arena,"Sandwich, Pizza, Fast Food, Chinese, Cafe, North Indian",https://www.zomato.com/gwalior/dream-arena-lashkar/info,Sandwich,4.4,600
Shiv Shakti Pav Bhaji,"South Indian, Chinese, Street Food",https://www.zomato.com/gwalior/shiv-shakti-pav-bhaji-2-vinay-nagar/info,South Indian,3.9,200
Nine Tea Nine,"Burger, Sandwich, Fast Food",https://www.zomato.com/gwalior/nine-tea-nine-lashkar/info,Burger,3.9,350
Pizza Stop Cafe,"Pizza, Burger, Fast Food",https://www.zomato.com/gwalior/pizza-stop-cafe-1-lashkar/info,Pizza,3.9,400
The Belgian Waffle Co.,"Waffle, Pancake, Desserts, Beverages, Ice Cream",https://www.zomato.com/gwalior/the-belgian-waffle-co-city-center/info,Waffle,3.2,300
Alfanzo,"North Indian, Chinese, Mithai, South Indian, Pizza, Momos, Continental, Bakery",https://www.zomato.com/gwalior/alfanzo-city-center/info,North Indian,4.2,500
Pizza Stop Cafe,"Pizza, Fast Food, Beverages",https://www.zomato.com/gwalior/pizza-stop-cafe-lashkar/info,Pizza,3.1,300
Ashiyana Cafe,"Pizza, Chinese, Sandwich, Shake, Coffee, Beverages",https://www.zomato.com/gwalior/ashiyana-cafe-vinay-nagar/info,Pizza,3.5,200
Bake N Shake,"Fast Food, Sandwich, Beverages, Desserts",https://www.zomato.com/gwalior/bake-n-shake-city-center/info,Fast Food,3.9,400
Shere Punjab Maharaja Express Restaurant,"North Indian, Chinese, Desserts, Beverages",https://www.zomato.com/gwalior/shere-punjab-maharaja-express-restaurant-lashkar/info,North Indian,3.9,1000
Karchi Kadhai Restaurant,"North Indian, Chinese, Mughlai, Beverages",https://www.zomato.com/gwalior/karchi-kadhai-restaurant-city-center/info,North Indian,2.8,500
La Pino'z Pizza,"Pizza, Pasta, Italian, Fast Food",https://www.zomato.com/gwalior/la-pinoz-pizza-city-center/info,Pizza,3.8,600
Nothing Before Coffee,"Cafe, Coffee, Tea, Shake, Beverages",https://www.zomato.com/gwalior/nothing-before-coffee-1-city-center/info,Cafe,,400
Landmark,"North Indian, Mughlai, Chinese, Continental, Desserts, Beverages",https://www.zomato.com/gwalior/landmark-city-center/info,North Indian,4.0,1500
The Classic Restaurant & Banquet,"North Indian, Pizza, Sandwich, Chinese, Fast Food, Street Food, Desserts, Beverages",https://www.zomato.com/gwalior/the-classic-restaurant-banquet-city-center/info,North Indian,3.4,500
Cake House In Gwalior,Bakery,https://www.zomato.com/gwalior/cake-house-in-gwalior-thatipur/info,Bakery,,350
The Blupearl Hotel,"North Indian, Chinese",https://www.zomato.com/gwalior/the-blupearl-hotel-lohamandi/info,North Indian,,1000
Burger Buddy,"Burger, Wraps, Fast Food, Beverages",https://www.zomato.com/gwalior/burger-buddy-city-center/info,Burger,4.2,300
Parmanand Sweets,"Mithai, Street Food, Fast Food, Bakery",https://www.zomato.com/gwalior/parmanand-sweets-lashkar/info,Mithai,4.6,250
BA Patties Wala,Street Food,https://www.zomato.com/gwalior/ba-patties-wala-1-morar/info,Street Food,,150
Momo Adda,"Momos, Fast Food, Beverages, Chinese",https://www.zomato.com/gwalior/momo-adda-lashkar/info,Momos,3.9,300
SS Kachori Wala,"Street Food, Mithai",https://www.zomato.com/gwalior/ss-kachori-wala-naya-bazaar/info,Street Food,4.2,300
Social Eatia,"North Indian, Chinese, Italian, Fast Food, Beverages, Healthy Food",https://www.zomato.com/gwalior/social-eatia-city-center/info,North Indian,3.7,1100
Shriram Misthan Bhandar,"Mithai, Desserts, Street Food",https://www.zomato.com/gwalior/shriram-misthan-bhandar-deen-dayal-nagar/info,Mithai,3.6,200
Urban Dhaba,"Cafe, Coffee, Tea, Continental, North Indian, Chinese, Fast Food, Beverages",https://www.zomato.com/gwalior/urban-dhaba-1-city-center/info,Cafe,3.6,600
MPT Tansen Residency,"North Indian, Chinese, Seafood, Fast Food, Desserts, Beverages",https://www.zomato.com/gwalior/mpt-tansen-residency-birla-nagar/info,North Indian,3.6,700
The Fortunaa Avenue,"North Indian, Fast Food",https://www.zomato.com/gwalior/the-fortunaa-avenue-city-center/info,North Indian,2.9,500
Subway,"Healthy Food, Sandwich, Fast Food, Wraps, Salad, Beverages",https://www.zomato.com/gwalior/subway-city-center/info,Healthy Food,3.6,400
ROYAL INDIAN RESTAURANT,"North Indian, Chinese, Pizza, Fast Food, Street Food, Desserts, Beverages",https://www.zomato.com/gwalior/royal-indian-restaurant-deen-dayal-nagar/info,North Indian,,350
The Golden Village,"North Indian, Chinese, Fast Food, Mughlai, Desserts, Beverages",https://www.zomato.com/gwalior/the-golden-village-lashkar/info,North Indian,4.4,700
Hotel Narayanam,"North Indian, South Indian, Chinese, Mughlai, Fast Food, Desserts, Beverages, Sichuan",https://www.zomato.com/gwalior/hotel-narayanam-morar/info,North Indian,3.7,700
Baskin Robbins - Ice Cream Desserts,"Ice Cream, Desserts, Beverages",https://www.zomato.com/gwalior/baskin-robbins-ice-cream-desserts-city-center/info,Ice Cream,4.7,500
KFC,"Burger, Fast Food, Rolls",https://www.zomato.com/gwalior/kfc-birla-nagar/info,Burger,4.1,450
Alice In Gelatoland Shahi Durbar,"Ice Cream, Desserts, Pancake, Waffle, Coffee, Shake",https://www.zomato.com/gwalior/alice-in-gelatoland-shahi-durbar-city-center/info,Ice Cream,4.0,300
The Central Park,"Chinese, North Indian, Mughlai, Continental, Salad, Desserts, Beverages",https://www.zomato.com/gwalior/the-central-park-city-center/info,Chinese,4.0,1000
Captain's Cafe,"Coffee, Cafe, Italian, North Indian, Chinese, Fast Food, Desserts, Beverages",https://www.zomato.com/gwalior/captains-cafe-city-center/info,Coffee,3.2,600
Pizza Fuel Cafe - Bada Lashkar,"Pizza, Fast Food, Burger",https://www.zomato.com/gwalior/pizza-fuel-cafe-bada-lashkar-naya-bazaar/info,Pizza,3.9,300
Bansiwala,"North Indian, Desserts",https://www.zomato.com/gwalior/bansiwala-city-center/info,North Indian,4.0,300
Domino's Pizza,"Pizza, Italian, Pasta, Fast Food, Desserts",https://www.zomato.com/gwalior/dominos-pizza-lashkar/info,Pizza,4.0,400
Victorian Vantage,"North Indian, Biryani, Italian, Continental, Chinese, Mughlai, Desserts, Pizza",https://www.zomato.com/gwalior/victorian-vantage-lashkar/info,North Indian,4.5,800
The Noodles Co.,"Chinese, Thai, Healthy Food, Momos, Fast Food, Shake, Beverages",https://www.zomato.com/gwalior/the-noodles-co-gulmohar-city/info,Chinese,3.4,1200
Sweet Sins Shakes & Desserts,"Beverages, Street Food, Fast Food, Waffle, North Indian",https://www.zomato.com/gwalior/sweet-sins-shakes-desserts-city-center/info,Beverages,4.3,400
Maddy’s Cafe,"Cafe, Italian, Chinese, Sandwich, Rolls, Desserts, Shake, Beverages",https://www.zomato.com/gwalior/maddys-cafe-city-center/info,Cafe,3.9,700
Moti Mahal Delux,"North Indian, Mughlai, Chinese, Seafood, Biryani",https://www.zomato.com/gwalior/moti-mahal-delux-city-center/info,North Indian,3.5,1000
Udupi's Kitchen,"South Indian, Biryani, Tea, Beverages",https://www.zomato.com/gwalior/udupis-kitchen-city-center/info,South Indian,2.9,250
WOW! Momo,"Momos, Chinese, Fast Food, Asian, Beverages",https://www.zomato.com/gwalior/wow-momo-city-center/info,Momos,3.7,250
Delhi Paranthe Wale,North Indian,https://www.zomato.com/gwalior/delhi-paranthe-wale-naya-bazaar/info,North Indian,3.8,400
Cakes & More Restaurant,"Bakery, Sandwich, Fast Food, Chinese, North Indian, Street Food, Desserts, Beverages",https://www.zomato.com/gwalior/cakes-more-restaurant-lashkar/info,Bakery,3.8,400
Hangout Cafe,"Cafe, North Indian, Fast Food, Italian, Chinese, Pasta, Desserts, Beverages",https://www.zomato.com/gwalior/hangout-cafe-city-center/info,Cafe,4.2,800
Swaad The Taste,"North Indian, Chinese, Fast Food, South Indian, Street Food, Desserts, Beverages",https://www.zomato.com/gwalior/swaad-the-taste-morar/info,North Indian,4.0,500
Gurukripa Family Restaurant,"North Indian, South Indian, Chinese, Fast Food",https://www.zomato.com/gwalior/gurukripa-family-restaurant-lashkar/info,North Indian,3.9,500
Shri Ram Paties Corner,"Fast Food, Sandwich, Beverages",https://www.zomato.com/gwalior/shri-ram-paties-corner-lashkar/info,Fast Food,3.7,250
Apsara Happy Hours,"North Indian, Chinese, Fast Food, Beverages",https://www.zomato.com/gwalior/apsara-happy-hours-shinde-ki-chhawani/info,North Indian,4.1,700
Shere Punjab Restaurant & Cafe,"North Indian, Chinese, Fast Food, Cafe, South Indian",https://www.zomato.com/gwalior/shere-punjab-restaurant-cafe-city-center/info,North Indian,3.5,400
House Of K,"Biryani, Mughlai, North Indian, Rolls, Fast Food, Kebab",https://www.zomato.com/gwalior/house-of-k-city-center/info,Biryani,4.2,1000
FNP Cakes N More,"Bakery, Desserts, Beverages, Cake",https://www.zomato.com/gwalior/fnp-cakes-n-more-city-center/info,Bakery,3.4,300
Pizza & Burger Hub,"Pizza, Burger, Fast Food, Beverages",https://www.zomato.com/gwalior/pizza-burger-hub-lashkar/info,Pizza,3.7,350
Shri Ram Sweets And Snacks,Street Food,https://www.zomato.com/gwalior/shri-ram-sweets-and-snacks-city-center/info,Street Food,4.1,100
The Royal Punjab,"North Indian, South Indian, Chinese, Fast Food, Beverages",https://www.zomato.com/gwalior/the-royal-punjab-city-center/info,North Indian,3.0,700
Bantu Dhaba And Family Restaurant,North Indian,https://www.zomato.com/gwalior/bantu-dhaba-and-family-restaurant-deen-dayal-nagar/info,North Indian,3.4,300
Rajasthani Bhojanalaya,"Rajasthani, North Indian",https://www.zomato.com/gwalior/rajasthani-bhojanalaya-lashkar/info,Rajasthani,3.4,250
Cook's Fast Food & Bakery,"Bakery, Pizza, Burger, Fast Food, Chinese, North Indian, Sandwich, Beverages",https://www.zomato.com/gwalior/cooks-fast-food-bakery-lashkar/info,Bakery,3.8,500
Happiness,"North Indian, South Indian, Chinese, Street Food, Fast Food, Beverages",https://www.zomato.com/gwalior/happiness-lashkar/info,North Indian,4.0,400
The Mansingh,"North Indian, Mughlai, Biryani, Beverages, Desserts",https://www.zomato.com/gwalior/the-mansingh-lashkar/info,North Indian,4.1,1000
CloudX Cafe,"Cafe, Coffee, Tea, Shake, Beverages, Chinese, Fast Food, Pizza",https://www.zomato.com/gwalior/cloudx-cafe-8-city-center/info,Cafe,,400
Ashok Hotel,North Indian,https://www.zomato.com/gwalior/ashok-hotel-1-lashkar/info,North Indian,3.7,250
Raj Restaurant,"North Indian, Biryani, Mughlai",https://www.zomato.com/gwalior/raj-restaurant-lashkar/info,North Indian,4.0,400
Hotel Gold Inn,"North Indian, Chinese, Mughlai, Street Food, Sandwich, Fast Food, Beverages, Kebab",https://www.zomato.com/gwalior/hotel-gold-inn-lashkar/info,North Indian,,1000
Masala Darbar,"North Indian, Chinese",https://www.zomato.com/gwalior/masala-darbar-naya-bazaar/info,North Indian,4.2,350
Winni Cakes And More,"Bakery, Desserts, Fast Food, Pizza, Rolls",https://www.zomato.com/gwalior/winni-cakes-and-more-city-center/info,Bakery,3.6,250
Hotel Mahima,"North Indian, Chinese, Mughlai, Fast Food, Finger Food, Beverages",https://www.zomato.com/gwalior/hotel-mahima-city-center/info,North Indian,4.0,700
Shake It Baby,"Beverages, Fast Food, Desserts, Coffee, Burger, Sandwich, Shake, Waffle",https://www.zomato.com/gwalior/shake-it-baby-city-center/info,Beverages,4.3,300
Punjabi Rasoi,"North Indian, Chinese, Beverages, Street Food",https://www.zomato.com/gwalior/punjabi-rasoi-city-center/info,North Indian,4.3,300
Chicken Station,North Indian,https://www.zomato.com/chicken-station-food-truck/info,North Indian,3.9,400
Hype Air Bar & Kitchen,"Bar Food, North Indian, Mughlai, Seafood, Kebab, Chinese, Fast Food",https://www.zomato.com/gwalior/hype-air-bar-kitchen-city-center/info,Bar Food,,1100
Radha Ki Rasoi,"North Indian, Street Food, Burger, South Indian, Chinese, Beverages",https://www.zomato.com/gwalior/radha-ki-rasoi-city-center/info,North Indian,4.3,400
Parth Juice Cafe Centre,"Beverages, Pizza, Sandwich, Chinese, Fast Food, Ice Cream, Desserts, Burger",https://www.zomato.com/gwalior/parth-juice-cafe-centre-morar/info,Beverages,4.0,300
Twisted Toppings Pizza,"Pizza, Burger, Sandwich",https://www.zomato.com/gwalior/twisted-toppings-pizza-deen-dayal-nagar/info,Pizza,4.1,250
Nainital's Testie Basket,"Fast Food, Biryani, Ice Cream",https://www.zomato.com/gwalior/nainitals-testie-basket-thatipur/info,Fast Food,3.4,200
Vadilal Hangout,"Ice Cream, Desserts, Shake",https://www.zomato.com/gwalior/vadilal-hangout-birla-nagar/info,Ice Cream,3.2,200
Khana Khajana Family Restaurant,"North Indian, Chinese, Mughlai, Fast Food",https://www.zomato.com/gwalior/khana-khajana-family-restaurant-lashkar/info,North Indian,3.8,550
The Star Roof Cafe,"Fast Food, Pizza, Sandwich, Street Food, Chinese, Beverages, Shake",https://www.zomato.com/gwalior/the-star-roof-cafe-city-center/info,Fast Food,3.2,400
Boxo Burger,"Burger, Pizza, Sandwich, Fast Food, Beverages",https://www.zomato.com/gwalior/boxo-burger-city-center/info,Burger,3.8,400
Hotel Sai Kripa,"North Indian, Chinese, South Indian, Desserts, Beverages",https://www.zomato.com/gwalior/hotel-sai-kripa-deen-dayal-nagar/info,North Indian,,1000
Burger Budds,"Burger, Wraps, Sandwich, Fast Food, Momos, Street Food, Shake, Beverages",https://www.zomato.com/gwalior/burger-budds-birla-nagar/info,Burger,4.1,200
Cosmo Cafe,"Pizza, Chinese, North Indian, Fast Food, Shake, Beverages",https://www.zomato.com/gwalior/cosmo-cafe-city-center/info,Pizza,,600
WOW! China,"Chinese, Asian, Fast Food, Beverages, Snacks",https://www.zomato.com/gwalior/wow-china-city-center/info,Chinese,3.7,300
Ashoka Family Restaurant,North Indian,https://www.zomato.com/gwalior/ashoka-family-restaurant-thatipur/info,North Indian,4.0,300
Burger Bytes,"Burger, Wraps, Pizza, Sandwich, Fast Food, Momos, Street Food, Shake",https://www.zomato.com/gwalior/burger-bytes-naya-bazaar/info,Burger,,300
Punjabi Food Factory,"North Indian, Rolls, Biryani",https://www.zomato.com/gwalior/punjabi-food-factory-lashkar/info,North Indian,3.8,400
Hotel Sudarshan,"North Indian, Chinese, South Indian, Fast Food, Mughlai, Biryani, Desserts",https://www.zomato.com/gwalior/hotel-sudarshan-lashkar/info,North Indian,4.5,550
Food Mafia,"Chinese, Fast Food, Rolls, Pizza, Sandwich, Shake, Beverages",https://www.zomato.com/gwalior/food-mafia-lashkar/info,Chinese,3.8,400
Lub Lub - World Of Shawarmas,"Shawarma, Lebanese, Mediterranean, Burger",https://www.zomato.com/gwalior/lub-lub-world-of-shawarmas-city-center/info,Shawarma,3.8,550
Bapu Di Rasoi,"North Indian, Chinese, Fast Food, Desserts, Beverages",https://www.zomato.com/gwalior/bapu-di-rasoi-2-city-center/info,North Indian,4.1,400
Basil & Bites Woodfired Pizzeria,"Pizza, Italian",https://www.zomato.com/gwalior/basil-bites-woodfired-pizzeria-city-center/info,Pizza,,400
Anna Masala Dosa,"South Indian, Fast Food",https://www.zomato.com/gwalior/anna-masala-dosa-thatipur/info,South Indian,3.9,200
Jiwaji Club - The Club's Kitchen,"Chinese, Fast Food, Street Food, North Indian, Mughlai, Beverages",https://www.zomato.com/gwalior/jiwaji-club-the-clubs-kitchen-lashkar/info,Chinese,3.7,400
The Ved Mantra,"North Indian, Continental, Fast Food",https://www.zomato.com/gwalior/the-ved-mantra-lashkar/info,North Indian,3.6,900
Rolls Mania,"Rolls, North Indian, Fast Food, Street Food, Beverages",https://www.zomato.com/gwalior/rolls-mania-city-center/info,Rolls,3.8,400
Saapadam,"South Indian, Street Food, Beverages",https://www.zomato.com/gwalior/saapadam-city-center/info,South Indian,3.1,250
MVFC - Shudh Shakahari Bhojan,North Indian,https://www.zomato.com/gwalior/mvfc-shudh-shakahari-bhojan-shinde-ki-chhawani/info,North Indian,3.0,300
Bawarchi Club,"Fast Food, Burger, Sandwich",https://www.zomato.com/gwalior/bawarchi-club-deen-dayal-nagar/info,Fast Food,3.5,250
Chef Direct,"Coffee, Cafe, Chinese, Fast Food, Pizza, Sandwich, Ice Cream, Beverages",https://www.zomato.com/gwalior/chef-direct-morar/info,Coffee,4.2,350
Rohit Bakers,"Bakery, Desserts",https://www.zomato.com/gwalior/rohit-bakers-naya-bazaar/info,Bakery,3.9,200
Pepper Street,"Chinese, North Indian, Mughlai, Pizza, Burger, Sandwich, Desserts, Beverages",https://www.zomato.com/gwalior/pepper-street-gulmohar-city/info,Chinese,4.0,650
Punjabi Dhaba,North Indian,https://www.zomato.com/gwalior/punjabi-dhaba-lashkar/info,North Indian,4.0,300
Teagather Grand,"Fast Food, North Indian, Pizza, Beverages",https://www.zomato.com/gwalior/teagather-grand-model-town/info,Fast Food,2.4,450
F For Fries,Fast Food,https://www.zomato.com/gwalior/f-for-fries-birla-nagar/info,Fast Food,4.0,250
Dairyman's Natural Ice Cream,"Ice Cream, Desserts, Fast Food, Bakery, Beverages",https://www.zomato.com/gwalior/dairymans-natural-ice-cream-lashkar/info,Ice Cream,4.2,200
Dosa Corner,"South Indian, Fast Food, North Indian, Chinese, Street Food, Beverages, Sichuan",https://www.zomato.com/gwalior/dosa-corner-lashkar/info,South Indian,4.2,400
Rakesh Juice & Shakes Parlour,"Beverages, Ice Cream, Desserts",https://www.zomato.com/gwalior/rakesh-juice-shakes-parlour-lashkar/info,Beverages,3.8,200
Chhappan Bhog,"Mithai, Desserts",https://www.zomato.com/gwalior/chhappan-bhog-lashkar/info,Mithai,3.7,400
Sita Manor Restaurant,"North Indian, Chinese, Sandwich, Fast Food, Desserts, Beverages",https://www.zomato.com/gwalior/sita-manor-restaurant-city-center/info,North Indian,4.0,800
Aangan Restaurant,"Street Food, North Indian, Mithai, Chinese",https://www.zomato.com/gwalior/aangan-restaurant-prasad-nagar/info,Street Food,4.5,400
Pandit's Rolls & Momos,"Momos, Fast Food, Rolls",https://www.zomato.com/gwalior/pandits-rolls-momos-lashkar/info,Momos,3.9,100
Shivam Pav Bhaji And Pulav Centre,"South Indian, Chinese, Street Food, Fast Food",https://www.zomato.com/gwalior/shivam-pav-bhaji-and-pulav-centre-shinde-ki-chhawani/info,South Indian,3.0,200
Sai Bhoj,"North Indian, Fast Food, Beverages",https://www.zomato.com/gwalior/sai-bhoj-city-center/info,North Indian,4.5,450
Prabha International Hotel,"North Indian, Shake",https://www.zomato.com/gwalior/prabha-international-hotel-lashkar/info,North Indian,3.6,700
The Bellevue,"North Indian, Chinese, South Indian, Continental",https://www.zomato.com/gwalior/the-bellevue-city-center/info,North Indian,3.9,850
Hotel Royal Inn,"Fast Food, Chinese, North Indian, Mughlai, Desserts, Beverages",https://www.zomato.com/gwalior/hotel-royal-inn-city-center/info,Fast Food,3.9,700
Kamakhya Restaurant,"North Indian, Chinese, Fast Food, Street Food, Desserts, Ice Cream, Beverages",https://www.zomato.com/gwalior/kamakhya-restaurant-morar/info,North Indian,3.5,500
Food Station,"Fast Food, Pizza",https://www.zomato.com/gwalior/food-station-madhav-ganj/info,Fast Food,4.1,150
Hunger's Snacks,"Fast Food, Chinese, South Indian, Beverages, Pizza",https://www.zomato.com/gwalior/hungers-snacks-1-lashkar/info,Fast Food,3.1,300
Chat On Chaat - The City Food Court,Street Food,https://www.zomato.com/gwalior/chat-on-chaat-the-city-food-court-lashkar/info,Street Food,3.1,200
Atithi Inn,"North Indian, Chinese, Fast Food, Beverages, Desserts",https://www.zomato.com/gwalior/atithi-inn-shinde-ki-chhawani/info,North Indian,3.7,600
Lovely Fruit Shake & Icecream,"Beverages, Ice Cream, Shake",https://www.zomato.com/gwalior/lovely-fruit-shake-icecream-thatipur/info,Beverages,3.5,200
Tealogy,"Sandwich, Fast Food, Street Food, Beverages",https://www.zomato.com/gwalior/tealogy-city-center/info,Sandwich,4.4,200
Indian Rasoi,"North Indian, South Indian, Chinese, Fast Food, Beverages",https://www.zomato.com/gwalior/indian-rasoi-city-center/info,North Indian,3.7,300
Adhura Engineer Food Lab,"South Indian, North Indian, Chinese, Fast Food, Street Food, Rolls, Shake",https://www.zomato.com/gwalior/adhura-engineer-food-lab-deen-dayal-nagar/info,South Indian,3.8,300
The Road Food,"Chinese, Sandwich, Rolls, Momos, Fast Food, Street Food, Beverages",https://www.zomato.com/the-road-food-truck-food-truck/info,Chinese,3.8,500
Paarivar Cafeteria & Bakery,"Fast Food, Street Food, Beverages",https://www.zomato.com/gwalior/paarivar-cafeteria-bakery-naya-bazaar/info,Fast Food,4.4,250
Aggarwal Puri Bhandar,North Indian,https://www.zomato.com/gwalior/aggarwal-puri-bhandar-shinde-ki-chhawani/info,North Indian,3.8,150
Mom's Cafe,"Cafe, North Indian, Fast Food, Sandwich, Beverages, Coffee, Chinese, Shake",https://www.zomato.com/gwalior/moms-cafe-1-city-center/info,Cafe,4.1,350
Shri Krishna Family Restaurant,North Indian,https://www.zomato.com/gwalior/shri-krishna-family-restaurant-shinde-ki-chhawani/info,North Indian,3.7,250
Kamal Nayan The Barbie Themed Cafe & Restaurant,"Cafe, Chinese, Street Food, Fast Food, Pizza, Coffee, Shake, Beverages",https://www.zomato.com/gwalior/kamal-nayan-the-barbie-themed-cafe-restaurant-deen-dayal-nagar/info,Cafe,,300
Traffic Jam Cafe,"Fast Food, Chinese, Sandwich, Pizza, Beverages",https://www.zomato.com/gwalior/traffic-jam-cafe-vinay-nagar/info,Fast Food,3.7,350
Chaudhary Ka Dhaba (C.K.D),"North Indian, Beverages",https://www.zomato.com/gwalior/chaudhary-ka-dhaba-c-k-d-thatipur/info,North Indian,3.9,300
7 Square,"Burger, Pizza, Fast Food, Street Food, Chinese, North Indian, Desserts, Beverages",https://www.zomato.com/gwalior/7-square-thatipur/info,Burger,3.7,300
Khan Saab,North Indian,https://www.zomato.com/gwalior/khan-saab-city-center/info,North Indian,3.2,300
Shere Hind Hotel,North Indian,https://www.zomato.com/gwalior/shere-hind-hotel-ghosipura/info,North Indian,4.6,300
Chatar Patar,"Street Food, Beverages",https://www.zomato.com/gwalior/chatar-patar-city-center/info,Street Food,3.8,200
Shan-Shaukat,"Mithai, Street Food",https://www.zomato.com/gwalior/shan-shaukat-shinde-ki-chhawani/info,Mithai,4.0,150
Mood Alter Punjabi Tadka,Pizza,https://www.zomato.com/gwalior/mood-alter-punjabi-tadka-madhav-ganj/info,Pizza,4.2,250
Siddhi Vinayak Restaurant,North Indian,https://www.zomato.com/gwalior/siddhi-vinayak-restaurant-prasad-nagar/info,North Indian,4.3,350
Anand Bhoj,"North Indian, Fast Food, Beverages",https://www.zomato.com/gwalior/anand-bhoj-thatipur/info,North Indian,3.1,500
Hotel Jageshwari,"North Indian, Biryani, Mughlai, Chinese, Salad, Ice Cream, Beverages",https://www.zomato.com/gwalior/hotel-jageshwari-deen-dayal-nagar/info,North Indian,,1000
Brij Bhog Sweets & Namkeen,"Mithai, Desserts",https://www.zomato.com/gwalior/brij-bhog-sweets-namkeen-naya-bazaar/info,Mithai,3.6,300
Madan Namkeen & Gajak Bhandar,"Mithai, Street Food",https://www.zomato.com/gwalior/madan-namkeen-gajak-bhandar-ghosipura/info,Mithai,3.9,150
Madhuram Fast Food Corner,North Indian,https://www.zomato.com/gwalior/madhuram-fast-food-corner-vinay-nagar/info,North Indian,3.9,250
Pandit Zayka,"North Indian, South Indian, Chinese, Fast Food",https://www.zomato.com/gwalior/pandit-zayka-morar/info,North Indian,3.9,350
Rangla Punjab,"North Indian, Fast Food, Beverages",https://www.zomato.com/gwalior/rangla-punjab-city-center/info,North Indian,3.3,400
TDR Club & Lounge,"North Indian, Chinese, Burger, Pasta, Fast Food, Desserts, Shake, Beverages",https://www.zomato.com/gwalior/tdr-club-lounge-1-city-center/info,North Indian,,1000
Pandit Sweets,"Mithai, Street Food, Desserts, Beverages",https://www.zomato.com/gwalior/pandit-sweets-shinde-ki-chhawani/info,Mithai,4.1,300
Phalsafa - Cafe Fruit Bar,"Coffee, Beverages, Desserts, Italian, Continental",https://www.zomato.com/gwalior/phalsafa-cafe-fruit-bar-city-center/info,Coffee,4.1,500
The Hope Cafe,"Chinese, South Indian, Fast Food, Sandwich, North Indian, Desserts, Beverages",https://www.zomato.com/gwalior/the-hope-cafe-lashkar/info,Chinese,3.9,400
Punjabi Zayka,"North Indian, Chinese, Fast Food",https://www.zomato.com/gwalior/punjabi-zayka-morar/info,North Indian,3.9,300
Chaa-Hut,"Fast Food, Beverages, Sandwich, Tea",https://www.zomato.com/gwalior/chaa-hut-deen-dayal-nagar/info,Fast Food,3.7,200
The Sigdi Food Hub,"Fast Food, Pizza, Sandwich, Chinese, Street Food",https://www.zomato.com/gwalior/the-sigdi-food-hub-1-lashkar/info,Fast Food,4.1,400
Khatirdari,"North Indian, Chinese, Mughlai, Biryani, Kebab, Momos",https://www.zomato.com/gwalior/khatirdari-lashkar/info,North Indian,3.8,700
The Vinayak,"North Indian, Chinese, Fast Food, Desserts",https://www.zomato.com/gwalior/the-vinayak-lashkar/info,North Indian,3.7,650
Regenta Place,"North Indian, Mughlai, Biryani, Salad, Chinese",https://www.zomato.com/gwalior/regenta-place-anand-nagar/info,North Indian,,1700
Litti Chokha House,"Bihari, Biryani, North Indian",https://www.zomato.com/gwalior/litti-chokha-house-1-deen-dayal-nagar/info,Bihari,3.2,300
Pakiza Hotel,"North Indian, Mughlai",https://www.zomato.com/gwalior/pakiza-hotel-lashkar/info,North Indian,3.7,300
Shri Jodhpur Mishthan Bhandar,"Mithai, Desserts",https://www.zomato.com/gwalior/shri-jodhpur-mishthan-bhandar-thatipur/info,Mithai,,300
Food Junction,"North Indian, Chinese, Biryani",https://www.zomato.com/gwalior/food-junction-deen-dayal-nagar/info,North Indian,4.0,450
Hotel Dessert Palm,"North Indian, Chinese, Mughlai, Beverages, Desserts, Kebab",https://www.zomato.com/gwalior/hotel-dessert-palm-city-center/info,North Indian,4.2,900
Khilona Atithi Bhoj,North Indian,https://www.zomato.com/gwalior/khilona-atithi-bhoj-lashkar/info,North Indian,4.0,400
Patel Family Restaurant,"North Indian, Chinese, Fast Food, Pizza, Desserts",https://www.zomato.com/gwalior/patel-family-restaurant-1-birla-nagar/info,North Indian,3.8,250
IAG Food Court (IFC),"Pizza, Fast Food, North Indian, Sandwich",https://www.zomato.com/gwalior/iag-food-court-ifc-deen-dayal-nagar/info,Pizza,4.0,300
Punjabi Darbar,"North Indian, Chinese",https://www.zomato.com/gwalior/punjabi-darbar-lashkar/info,North Indian,3.5,350
Chawla Chicken,"North Indian, Mughlai, Seafood, Fast Food, Chinese",https://www.zomato.com/gwalior/chawla-chicken-morar/info,North Indian,3.7,400
Dawat Family Restaurant,"North Indian, Chinese, Beverages",https://www.zomato.com/gwalior/dawat-family-restaurant-vinay-nagar/info,North Indian,3.7,400
The Vedas,"North Indian, Chinese, Fast Food, Desserts, Beverages",https://www.zomato.com/gwalior/the-vedas-city-center/info,North Indian,3.2,900
Chai Sutta Bar,"Tea, Coffee, Beverages, Burger, Pizza, Sandwich, Fast Food, Street Food",https://www.zomato.com/gwalior/chai-sutta-bar-city-center/info,Tea,2.7,200
New Annapurna Bhojnalaya,North Indian,https://www.zomato.com/gwalior/new-annapurna-bhojnalaya-birla-nagar/info,North Indian,3.6,150
Bhopat Nasir Seekh Kabab,"Mughlai, Kebab, Biryani, North Indian",https://www.zomato.com/gwalior/bhopat-nasir-seekh-kabab-city-center/info,Mughlai,4.2,500
Burger Point,"Burger, Sandwich, Wraps, Fast Food, Shake, Beverages",https://www.zomato.com/gwalior/burger-point-thatipur/info,Burger,3.5,350
Chawla Punjabi Junction,"North Indian, Mughlai, Biryani",https://www.zomato.com/gwalior/chawla-punjabi-junction-city-center/info,North Indian,3.3,400
Jatashankar Nashta & Bhojanalya,North Indian,https://www.zomato.com/gwalior/jatashankar-nashta-bhojanalya-anand-nagar/info,North Indian,3.5,250
Pandit Ji Paranthe Wale,"North Indian, Fast Food, Sandwich, Beverages",https://www.zomato.com/gwalior/pandit-ji-paranthe-wale-mahalgaon/info,North Indian,3.9,300
Kalp Vriksha- Hotel Vivek Continental,"North Indian, South Indian, Continental, Chinese, Desserts, Beverages",https://www.zomato.com/gwalior/kalp-vriksha-hotel-vivek-continental-naya-bazaar/info,North Indian,4.2,700
Punjabi Mirch Masala,"North Indian, Street Food",https://www.zomato.com/gwalior/punjabi-mirch-masala-naya-bazaar/info,North Indian,3.8,300
The Cravings Cafe & Restro,"Cafe, North Indian, Chinese",https://www.zomato.com/gwalior/the-cravings-cafe-restro-morar/info,Cafe,3.3,400
Ashoka Restaurant,North Indian,https://www.zomato.com/gwalior/ashoka-restaurant-lashkar/info,North Indian,4.0,300
Alfa The Cafe,"Pizza, Burger, Sandwich, Pasta, Momos, Street Food, Beverages",https://www.zomato.com/gwalior/alfa-the-cafe-thatipur/info,Pizza,3.8,250
Hide & Seek Cafe,"Chinese, North Indian, Pizza, Sandwich, Burger, Fast Food, Street Food, Shake",https://www.zomato.com/gwalior/hide-seek-cafe-shinde-ki-chhawani/info,Chinese,,250
Hotel Maharaja,"North Indian, Mughlai",https://www.zomato.com/gwalior/hotel-maharaja-madhav-ganj/info,North Indian,3.7,500
P Punjabi Tadka,"Street Food, North Indian, Beverages, Chinese, Salad",https://www.zomato.com/gwalior/p-punjabi-tadka-city-center/info,Street Food,3.9,400
Patiala Shahi,"Pizza, Fast Food, Desserts, Chinese, North Indian",https://www.zomato.com/gwalior/patiala-shahi-city-center/info,Pizza,3.5,400
Yara The Buffet,North Indian,https://www.zomato.com/gwalior/yara-the-buffet-city-center/info,North Indian,3.5,300
Shiv Shakti Bhojanalya,North Indian,https://www.zomato.com/gwalior/shiv-shakti-bhojanalya-morar/info,North Indian,3.3,200
Eat Street,"North Indian, Fast Food, Chinese, South Indian",https://www.zomato.com/gwalior/eat-street-deen-dayal-nagar/info,North Indian,3.8,300
Baba Bakers,Bakery,https://www.zomato.com/gwalior/baba-bakers-madhav-ganj/info,Bakery,3.8,300
Gurukripa Restaurant And Paratha House,"North Indian, Fast Food, Street Food",https://www.zomato.com/gwalior/gurukripa-restaurant-and-paratha-house-city-center/info,North Indian,3.2,300
Tandoori Chai,"Fast Food, Beverages",https://www.zomato.com/gwalior/tandoori-chai-city-center/info,Fast Food,3.7,200
Spice N Handi,"North Indian, Mughlai, Kebab, Pizza, Fast Food, Biryani, Desserts",https://www.zomato.com/gwalior/spice-n-handi-morar/info,North Indian,4.0,1000
Jain Dabeli Centre,Street Food,https://www.zomato.com/gwalior/jain-dabeli-centre-1-morar/info,Street Food,3.9,100
Uzbekk,"Fast Food, Rolls, Burger, North Indian, Kebab",https://www.zomato.com/gwalior/uzbekk-madhav-ganj/info,Fast Food,3.9,350
Shri Banke Bihari,"Juices, Beverages",https://www.zomato.com/gwalior/shri-banke-bihari-thatipur/info,Juices,3.4,250
Safari Ice Cream,Ice Cream,https://www.zomato.com/gwalior/safari-ice-cream-city-center/info,Ice Cream,3.5,100
The Treat Fast Food,"Fast Food, Chinese, South Indian, North Indian, Beverages",https://www.zomato.com/gwalior/the-treat-fast-food-lashkar/info,Fast Food,3.8,300
Hotel Celebration Inn,"North Indian, Chinese, Fast Food, Beverages, Shake",https://www.zomato.com/gwalior/hotel-celebration-inn-thatipur/info,North Indian,3.7,700
Bake Bihari Juice Centre,"Beverages, Shake, Juices, Ice Cream",https://www.zomato.com/gwalior/bake-bihari-juice-centre-city-center/info,Beverages,3.5,200
The Roasted Life Cafe,"Chinese, Sandwich, Pizza, Pasta, Fast Food, Street Food, Shake, Beverages",https://www.zomato.com/gwalior/the-roasted-life-cafe-model-town/info,Chinese,3.8,300
Best Bakers,"Bakery, Desserts",https://www.zomato.com/gwalior/best-bakers-shinde-ki-chhawani/info,Bakery,3.9,200
Real Momos Taste Of Bhutan,"Momos, Sandwich",https://www.zomato.com/gwalior/real-momos-taste-of-bhutan-gulmohar-city/info,Momos,3.3,200
Mayur Restaurant,"North Indian, Fast Food, Chinese, Beverages, Shake",https://www.zomato.com/gwalior/mayur-restaurant-lashkar/info,North Indian,3.6,500
Jain Choice Family Restaurant,"North Indian, Chinese, South Indian, Fast Food",https://www.zomato.com/gwalior/jain-choice-family-restaurant-vijaynagar/info,North Indian,3.9,300
Chops N Hops,"North Indian, Mughlai, Chinese, Fast Food, Street Food, Biryani, Beverages, Desserts",https://www.zomato.com/gwalior/chops-n-hops-9-city-center/info,North Indian,3.7,500
Dig N Dine,"North Indian, Fast Food, Wraps, Pizza, Beverages, Sandwich, Pasta, Burger",https://www.zomato.com/gwalior/dig-n-dine-1-deen-dayal-nagar/info,North Indian,3.3,500
Raj Cool Zone,"Desserts, Beverages",https://www.zomato.com/gwalior/raj-cool-zone-naya-bazaar/info,Desserts,3.9,100
Pizza By The Way,"Pizza, Fast Food",https://www.zomato.com/gwalior/pizza-by-the-way-city-center/info,Pizza,2.3,500
Golden Food,"Street Food, North Indian, Chinese, Beverages",https://www.zomato.com/gwalior/golden-food-lashkar/info,Street Food,4.4,300
Sri Dauji Misthan Bhandar,"Mithai, Desserts, Street Food",https://www.zomato.com/gwalior/sri-dauji-misthan-bhandar-shinde-ki-chhawani/info,Mithai,,100
Bamboo Restaurant,"North Indian, Fast Food, Chinese, Desserts, Beverages",https://www.zomato.com/gwalior/bamboo-restaurant-lashkar/info,North Indian,3.2,600
Bhukha,"North Indian, Chinese, Thai, Cuisine Varies, Shake",https://www.zomato.com/gwalior/bhukha-thatipur/info,North Indian,3.1,400
City Darbar Restaurant,"North Indian, Chinese, Fast Food, Sandwich, Desserts, Beverages",https://www.zomato.com/gwalior/city-darbar-restaurant-lashkar/info,North Indian,4.0,700
Coco Anna,"Shake, Beverages, Fast Food",https://www.zomato.com/gwalior/coco-anna-shinde-ki-chhawani/info,Shake,,300
Foodz Inn,"North Indian, Chinese, Fast Food, South Indian, Desserts, Beverages, Shake, Ice Cream",https://www.zomato.com/gwalior/foodz-inn-mahalgaon/info,North Indian,4.0,500
Chicken Kraft,North Indian,https://www.zomato.com/gwalior/chicken-kraft-lohamandi/info,North Indian,3.6,700
Venky's Chicken Xperience,"Biryani, Fast Food, North Indian, Burger, Beverages",https://www.zomato.com/gwalior/venkys-chicken-xperience-city-center/info,Biryani,3.7,400
Desi Chinese Fast Food,"Chinese, North Indian",https://www.zomato.com/gwalior/desi-chinese-fast-food-madhav-ganj/info,Chinese,3.4,250
The Road Chef's,Chinese,https://www.zomato.com/gwalior/the-road-chefs-lashkar/info,Chinese,3.7,300
The Gwalior Family Restaurant,"Chinese, North Indian, Sandwich, Fast Food, Shake, Beverages",https://www.zomato.com/gwalior/the-gwalior-family-restaurant-mahalgaon/info,Chinese,3.2,400
Ambersariya,North Indian,https://www.zomato.com/gwalior/ambersariya-thatipur/info,North Indian,3.9,300
Pizza Hub,"Pizza, Burger, Fast Food, Chinese, South Indian, Beverages",https://www.zomato.com/gwalior/pizza-hub-deen-dayal-nagar/info,Pizza,3.7,400
The Midnight Cafe & Restro,"Fast Food, North Indian, Chinese, Beverages",https://www.zomato.com/gwalior/the-midnight-cafe-restro-1-mahalgaon/info,Fast Food,3.8,500
Hello Hunger Foods,"North Indian, Fast Food, Street Food, Sandwich, Burger, Beverages",https://www.zomato.com/gwalior/hello-hunger-foods-shinde-ki-chhawani/info,North Indian,3.9,300
Bhopat Nasir Seekh Kebab Center,North Indian,https://www.zomato.com/gwalior/bhopat-nasir-seekh-kebab-center-lashkar/info,North Indian,3.8,350
Masala Kraft,"North Indian, Chinese, Fast Food, Beverages, Desserts",https://www.zomato.com/gwalior/masala-kraft-lashkar/info,North Indian,3.8,800
Angel Dhaba,North Indian,https://www.zomato.com/gwalior/angel-dhaba-thatipur/info,North Indian,3.6,200
Sector-17 Restaurant,"Fast Food, North Indian, Chinese, Mughlai, Seafood, South Indian, Biryani, Beverages",https://www.zomato.com/gwalior/sector-17-restaurant-model-town/info,Fast Food,4.0,550
The Veg Factory,"Chinese, Street Food, Sandwich, Pizza, Burger, Rolls, North Indian, Shake",https://www.zomato.com/gwalior/the-veg-factory-city-center/info,Chinese,3.9,200
Sankalp,"North Indian, South Indian, Street Food",https://www.zomato.com/gwalior/sankalp-birla-nagar/info,North Indian,3.7,400
Anil Family Restaurant,"North Indian, Mughlai, Biryani, Chinese, Fast Food",https://www.zomato.com/gwalior/anil-family-restaurant-vinay-nagar/info,North Indian,3.8,300
Spice 13,North Indian,https://www.zomato.com/gwalior/spice-13-lashkar/info,North Indian,3.6,300
Chinese Rasoi & Pizza Station,"Pizza, Sandwich, Chinese, Fast Food, Beverages",https://www.zomato.com/gwalior/chinese-rasoi-pizza-station-city-center/info,Pizza,3.8,500
Perk & Puff,"Fast Food, Pizza, Chinese, Sandwich, Desserts, Beverages",https://www.zomato.com/gwalior/perk-puff-lashkar/info,Fast Food,3.8,350
Chef's Craft Cafe,"Pizza, Sandwich, Burger, Pasta, Fast Food, Street Food, Shake, Beverages",https://www.zomato.com/gwalior/chefs-craft-cafe-birla-nagar/info,Pizza,3.3,350
Choice Family Restaurant,"North Indian, Chinese, South Indian",https://www.zomato.com/gwalior/choice-family-restaurant-lashkar/info,North Indian,3.9,300
Bakers Villa,"Bakery, Desserts, Fast Food",https://www.zomato.com/gwalior/bakers-villa-1-deen-dayal-nagar/info,Bakery,3.6,200
Taj Chicken Corner,"North Indian, Mughlai",https://www.zomato.com/gwalior/taj-chicken-corner-vinay-nagar/info,North Indian,3.9,300
Aayati Cafe,"Chinese, Street Food, Fast Food",https://www.zomato.com/gwalior/aayati-cafe-2-deen-dayal-nagar/info,Chinese,3.9,200
Hotel Yugantar,"North Indian, Chinese, Mughlai, Beverages",https://www.zomato.com/gwalior/hotel-yugantar-1-shinde-ki-chhawani/info,North Indian,4.0,650
25x7 Thali,North Indian,https://www.zomato.com/gwalior/25x7-thali-city-center/info,North Indian,3.2,300
The Food Khor,"Fast Food, North Indian",https://www.zomato.com/gwalior/the-food-khor-lashkar/info,Fast Food,3.8,200
Mini Cafe,Fast Food,https://www.zomato.com/gwalior/mini-cafe-city-center/info,Fast Food,3.7,300
Tommatinos,"Pizza, Italian, Burger, Sandwich, Fast Food",https://www.zomato.com/gwalior/tommatinos-shinde-ki-chhawani/info,Pizza,3.8,400
Grains 'n' Beans,"Bakery, Fast Food",https://www.zomato.com/gwalior/grains-n-beans-deen-dayal-nagar/info,Bakery,3.5,300
Vadilal,"Fast Food, Ice Cream, Desserts",https://www.zomato.com/gwalior/vadilal-city-center/info,Fast Food,3.6,300
The Pizza Maxx,"Pizza, Fast Food, Italian, Shake, Beverages",https://www.zomato.com/gwalior/the-pizza-maxx-lashkar/info,Pizza,3.2,500
The Triangle Restaurant & Cafe,"North Indian, Chinese, Beverages, Biryani, Desserts",https://www.zomato.com/gwalior/the-triangle-restaurant-cafe-4-thatipur/info,North Indian,3.4,800
Mid City Café,"Beverages, Fast Food, Street Food, Italian, Sandwich, Pizza, Shake",https://www.zomato.com/gwalior/mid-city-caf%C3%A9-1-prasad-nagar/info,Beverages,4.1,250
Cafe Connection,"Fast Food, Chinese, Desserts, Beverages, Sichuan",https://www.zomato.com/gwalior/cafe-connection-1-vinay-nagar/info,Fast Food,,300
Khaalo,"Bakery, Fast Food",https://www.zomato.com/gwalior/khaalo-lashkar/info,Bakery,3.4,250
Snacks And Cool Point,Fast Food,https://www.zomato.com/gwalior/snacks-and-cool-point-deen-dayal-nagar/info,Fast Food,3.9,200
Dill's Chawla Restaurant - Since 1998,"North Indian, Mughlai, Chinese, Fast Food",https://www.zomato.com/gwalior/dills-chawla-restaurant-since-1998-lashkar/info,North Indian,3.2,400
Gwalior Darbar,"North Indian, Chinese, Street Food",https://www.zomato.com/gwalior/gwalior-darbar-lashkar/info,North Indian,3.4,250
Happy Da Pizza & Patties Cafe,"Pizza, Fast Food, Street Food",https://www.zomato.com/gwalior/happy-da-pizza-patties-cafe-anand-nagar/info,Pizza,3.6,350
Braj Ki Rasoi & Restaurant,North Indian,https://www.zomato.com/gwalior/braj-ki-rasoi-restaurant-shinde-ki-chhawani/info,North Indian,4.0,350
F & C Bakery,"Bakery, Fast Food, Sandwich, Pizza, North Indian",https://www.zomato.com/gwalior/f-c-bakery-lashkar/info,Bakery,3.2,350
Hot Pizza,"Pizza, Fast Food",https://www.zomato.com/gwalior/hot-pizza-thatipur/info,Pizza,3.5,300
Kaptain's Kitchen,"Fast Food, Chinese",https://www.zomato.com/gwalior/kaptains-kitchen-morar/info,Fast Food,4.1,300
Cantine Bistro,"Coffee, Shake, Burger, Street Food, Pasta, Sandwich, Pizza, Fast Food",https://www.zomato.com/gwalior/cantine-bistro-deen-dayal-nagar/info,Coffee,3.5,250
K Cube Restaurant,"South Indian, Chinese, North Indian, Street Food, Fast Food, Beverages",https://www.zomato.com/gwalior/k-cube-restaurant-lashkar/info,South Indian,3.7,300
Chai Premier League,"Fast Food, Pizza, Beverages, Tea, Shake, Sandwich, Burger",https://www.zomato.com/gwalior/chai-premier-league-thatipur/info,Fast Food,3.3,300
Aarya South Indian Jayka,South Indian,https://www.zomato.com/gwalior/aarya-south-indian-jayka-ghosipura/info,South Indian,3.5,200
Sweet & Salt Restaurant,"North Indian, Fast Food, Chinese, South Indian, Desserts, Beverages",https://www.zomato.com/gwalior/sweet-salt-restaurant-1-morar/info,North Indian,3.1,500
Relish Bakers,"Bakery, Desserts, Fast Food, Pizza, Burger, Beverages",https://www.zomato.com/gwalior/relish-bakers-mahalgaon/info,Bakery,3.0,500
The Metro Food Junction,"Chinese, Fast Food",https://www.zomato.com/gwalior/the-metro-food-junction-1-lashkar/info,Chinese,3.3,250
Virasat 'E' Punjab,"North Indian, Chinese, Sandwich, Desserts, Beverages",https://www.zomato.com/gwalior/virasat-e-punjab-1-gulmohar-city/info,North Indian,,1100
Foodeee Hub.Com Cafe And Family Restaurant,"Chinese, North Indian, Rolls, Burger, Pasta, Pizza, Street Food, Beverages",https://www.zomato.com/gwalior/foodeee-hub-com-cafe-and-family-restaurant-lohamandi/info,Chinese,3.5,300
Bleu,"Bakery, Fast Food, Beverages",https://www.zomato.com/gwalior/bleu-2-city-center/info,Bakery,,250
NH-44 Cafe,"Chinese, Fast Food, Pizza, Pasta, Sandwich, Street Food, Shake, Beverages",https://www.zomato.com/gwalior/nh-44-cafe-1-deen-dayal-nagar/info,Chinese,3.4,400
Gurudev Parcel Counter,"North Indian, Pizza, Chinese",https://www.zomato.com/gwalior/gurudev-parcel-counter-madhav-ganj/info,North Indian,3.4,150
Atithi Bhoj Restaurant,North Indian,https://www.zomato.com/gwalior/atithi-bhoj-restaurant-shinde-ki-chhawani/info,North Indian,3.6,300
Rishav Pizza Cafe,"Pizza, Fast Food, Burger, Sandwich",https://www.zomato.com/gwalior/rishav-pizza-cafe-madhav-ganj/info,Pizza,3.3,300
Hut-k Cafe,"Chinese, Pizza, Burger, Sandwich, Fast Food, Shake, Beverages",https://www.zomato.com/gwalior/hut-k-cafe-madhav-ganj/info,Chinese,3.4,250
V Rasoi Restaurant,"North Indian, South Indian, Chinese, Street Food, Fast Food",https://www.zomato.com/gwalior/v-rasoi-restaurant-birla-nagar/info,North Indian,3.2,400
Handi - Hotel Banjara,"North Indian, Chinese, Pasta, Desserts, Fast Food, Street Food, Beverages",https://www.zomato.com/gwalior/handi-hotel-banjara-lashkar/info,North Indian,3.1,400
The Royal Maharaja Restaurant & Cafe,"Rolls, Fast Food, Shake",https://www.zomato.com/gwalior/the-royal-maharaja-restaurant-cafe-city-center/info,Rolls,3.9,250
Shri Siddhi Vinayak Restaurant,North Indian,https://www.zomato.com/gwalior/shri-siddhi-vinayak-restaurant-shinde-ki-chhawani/info,North Indian,3.3,300
Shree Balaji Sweet Bakery Restaurant,"Mithai, Desserts, North Indian, Street Food, Chinese, Pizza, Fast Food, Beverages",https://www.zomato.com/gwalior/shree-balaji-sweet-bakery-restaurant-1-deen-dayal-nagar/info,Mithai,3.5,400
Burger House,"Burger, Wraps, Fast Food, Sandwich, Beverages",https://www.zomato.com/gwalior/burger-house-shinde-ki-chhawani/info,Burger,3.8,350
Kings Pizza,"Pizza, Burger, Sandwich, Fast Food",https://www.zomato.com/gwalior/kings-pizza-1-vinay-nagar/info,Pizza,3.6,350
Delhi-6 Ke Lajabab Parathe,North Indian,https://www.zomato.com/gwalior/delhi-6-ke-lajabab-parathe-shinde-ki-chhawani/info,North Indian,3.6,300
Vishnu Bakery,Bakery,https://www.zomato.com/gwalior/vishnu-bakery-madhav-ganj/info,Bakery,3.8,300
Sugar Palm Hotel,"North Indian, Mughlai, Chinese, Fast Food, Street Food",https://www.zomato.com/gwalior/sugar-palm-hotel-city-center/info,North Indian,,750
Little Gwalior Cafe Restaurant,"Fast Food, Street Food, Chinese, North Indian, South Indian, Rolls, Desserts, Beverages",https://www.zomato.com/gwalior/little-gwalior-cafe-restaurant-lashkar/info,Fast Food,2.3,400
The Graduate Chill Point,"Fast Food, Street Food, Shake, Beverages, Ice Cream",https://www.zomato.com/gwalior/the-graduate-chill-point-gulmohar-city/info,Fast Food,3.9,250
Sat Sahib Fast Food Corner,"Fast Food, North Indian",https://www.zomato.com/gwalior/sat-sahib-fast-food-corner-deen-dayal-nagar/info,Fast Food,3.5,350
Taste Of Chambal,"North Indian, Biryani",https://www.zomato.com/gwalior/taste-of-chambal-1-deen-dayal-nagar/info,North Indian,,350
Frontier Restaurent & Parcel Counter,North Indian,https://www.zomato.com/gwalior/frontier-restaurent-parcel-counter-lashkar/info,North Indian,3.3,400
Dr Burger,"Burger, Momos, Sandwich, Pizza, Street Food, Shake, Beverages",https://www.zomato.com/gwalior/dr-burger-morar/info,Burger,3.3,300
Bento Caafe,"Chinese, Pizza, Burger, Fast Food, Sichuan, Street Food, Shake, Beverages",https://www.zomato.com/gwalior/bento-caafe-birla-nagar/info,Chinese,,250
Shivaay Restaurant,"North Indian, Chinese, Salad",https://www.zomato.com/gwalior/shivaay-restaurant-kala-saiyad/info,North Indian,3.5,500
Vansi Fast Food,"Fast Food, South Indian, Pizza, Street Food, Chinese",https://www.zomato.com/gwalior/vansi-fast-food-anand-nagar/info,Fast Food,3.6,200
Kaurav Sweets,Mithai,https://www.zomato.com/gwalior/kaurav-sweets-naya-bazaar/info,Mithai,3.2,300
Chit Chat Cafe,"Fast Food, Pizza, Momos, Beverages",https://www.zomato.com/gwalior/chit-chat-cafe-deen-dayal-nagar/info,Fast Food,2.5,250
Bhakti Bhojnalaya & Family Restaurant,North Indian,https://www.zomato.com/gwalior/bhakti-bhojnalaya-family-restaurant-deen-dayal-nagar/info,North Indian,3.3,350
S And V,"Chinese, Pizza, Sandwich, Fast Food, Street Food, Beverages",https://www.zomato.com/gwalior/s-and-v-lashkar/info,Chinese,3.4,400
Lazeez Cafe & Restro,"North Indian, Chinese",https://www.zomato.com/gwalior/lazeez-cafe-restro-lashkar/info,North Indian,3.0,650
The Kings Inn,"North Indian, Chinese",https://www.zomato.com/gwalior/the-kings-inn-vinay-nagar/info,North Indian,3.3,300
La' Atmos,"Pasta, Fast Food, Pizza, Sandwich, Shake, Beverages, Desserts",https://www.zomato.com/gwalior/la-atmos-city-center/info,Pasta,3.0,700
Silver Spoon Restaurant,"North Indian, Chinese, Fast Food",https://www.zomato.com/gwalior/silver-spoon-restaurant-city-center/info,North Indian,,300
Shree Jodhana Misthan Bhandaar,"Mithai, Street Food",https://www.zomato.com/gwalior/shree-jodhana-misthan-bhandaar-lashkar/info,Mithai,,200
Bhog Raj Namkeen,Fast Food,https://www.zomato.com/gwalior/bhog-raj-namkeen-anand-nagar/info,Fast Food,3.3,250
Vital Restaurant,"Biryani, North Indian",https://www.zomato.com/gwalior/vital-restaurant-birla-nagar/info,Biryani,3.2,350
Ajanta Restaurant,"North Indian, Mughlai",https://www.zomato.com/gwalior/ajanta-restaurant-city-center/info,North Indian,2.7,500
The Taste Of Chambal,"Fast Food, Chinese, North Indian, Shake, Beverages",https://www.zomato.com/gwalior/the-taste-of-chambal-2-vinay-nagar/info,Fast Food,3.2,400
Punjab Da Tadka,"Chinese, Kebab",https://www.zomato.com/gwalior/punjab-da-tadka-mahalgaon/info,Chinese,3.2,300
Choice Fast Food,"North Indian, Fast Food, Chinese, South Indian",https://www.zomato.com/gwalior/choice-fast-food-lashkar/info,North Indian,3.6,300
Spicy Indian Cafe & Restaurant,"North Indian, Chinese, Fast Food",https://www.zomato.com/gwalior/spicy-indian-cafe-restaurant-naya-bazaar/info,North Indian,3.3,400
Devki Grand,"North Indian, Biryani, Chinese, Kebab, Fast Food, Street Food, Sandwich",https://www.zomato.com/gwalior/devki-grand-2-gulmohar-city/info,North Indian,,1000
Fukrey Back Bencher,"South Indian, Pizza, Sandwich, Fast Food, Street Food, Chinese, Shake, Beverages",https://www.zomato.com/gwalior/fukrey-back-bencher-morar/info,South Indian,3.3,200
Maharaja Restaurant Veg & Non Veg,"North Indian, Mughlai, Biryani",https://www.zomato.com/gwalior/maharaja-restaurant-veg-non-veg-deen-dayal-nagar/info,North Indian,,400
Shri Ram Bhojalaya - Pinku Da Dhaba,North Indian,https://www.zomato.com/gwalior/shri-ram-bhojalaya-pinku-da-dhaba-deen-dayal-nagar/info,North Indian,3.1,250
The Sandwich Hub,"Sandwich, Rolls, Fast Food, Beverages",https://www.zomato.com/gwalior/the-sandwich-hub-shinde-ki-chhawani/info,Sandwich,3.3,350
Jodhpur Wala Restaurant,"Street Food, Fast Food, Chinese, North Indian, Pizza, Shake, South Indian",https://www.zomato.com/gwalior/jodhpur-wala-restaurant-morar/info,Street Food,2.9,400
Agrawal Family Restaurant,"North Indian, Chinese, Mughlai, Fast Food, Street Food, South Indian, Desserts, Beverages",https://www.zomato.com/gwalior/agrawal-family-restaurant-lashkar/info,North Indian,3.3,400
Asgardian The Party World,"Fast Food, Chinese",https://www.zomato.com/gwalior/asgardian-the-party-world-vinay-nagar/info,Fast Food,3.4,200
Sohan Dairy and Sweets,Mithai,https://www.zomato.com/gwalior/sohan-dairy-and-sweets-lashkar/info,Mithai,,500
Swastik Restaurant,"North Indian, Chinese, Desserts, Beverages",https://www.zomato.com/gwalior/swastik-restaurant-shinde-ki-chhawani/info,North Indian,2.7,500
Ambika Hotel,"North Indian, Rolls",https://www.zomato.com/gwalior/ambika-hotel-thatipur/info,North Indian,3.4,400
Blueberry Restaurant,"North Indian, South Indian, Chinese, Fast Food, Street Food, Desserts",https://www.zomato.com/gwalior/blueberry-restaurant-morar/info,North Indian,3.6,500
Punjab Di Kitchen,"North Indian, South Indian, Chinese, Fast Food",https://www.zomato.com/gwalior/punjab-di-kitchen-lashkar/info,North Indian,2.9,300
Arora's Cafe & Restro,"North Indian, Fast Food, Chinese, Beverages",https://www.zomato.com/gwalior/aroras-cafe-restro-thatipur/info,North Indian,2.8,300
Gurukirpa Restaurant,North Indian,https://www.zomato.com/gwalior/gurukirpa-restaurant-thatipur/info,North Indian,2.9,400
Cute Couple Cafe,"Chinese, Fast Food, Street Food, Beverages, Shake",https://www.zomato.com/gwalior/cute-couple-cafe-morar/info,Chinese,,300
Pizza Crunchy Cafe Burger,"Pizza, Fast Food",https://www.zomato.com/gwalior/pizza-crunchy-cafe-burger-3-prasad-nagar/info,Pizza,3.3,300
Food Zo,"Fast Food, Chinese, Sandwich, Momos, Beverages",https://www.zomato.com/gwalior/food-zo-naya-bazaar/info,Fast Food,3.2,250
Bikanervala,"Mithai, North Indian, South Indian, Street Food, Fast Food, Juices, Beverages",https://www.zomato.com/gwalior/bikanervala-city-center/info,Mithai,3.3,500
Pizza Central,Pizza,https://www.zomato.com/gwalior/pizza-central-morar/info,Pizza,3.2,300
845 Caffetrow,"Chinese, Fast Food, Street Food, Beverages",https://www.zomato.com/gwalior/845-caffetrow-city-center/info,Chinese,2.6,250
Shahi Sweets,"Mithai, Street Food, Desserts",https://www.zomato.com/gwalior/shahi-sweets-1-city-center/info,Mithai,,400
Jain's Sita Rasoi,"North Indian, Chinese, Fast Food",https://www.zomato.com/gwalior/jains-sita-rasoi-morar/info,North Indian,3.3,450
Waffles Pizza Company,"Fast Food, Pizza, Desserts",https://www.zomato.com/gwalior/waffles-pizza-company-lashkar/info,Fast Food,2.8,400
Nescafe,"Cafe, Pizza, Burger, Pasta, Sandwich, Fast Food, Shake, Beverages",https://www.zomato.com/gwalior/nescafe-morar/info,Cafe,,500
Cakes And Cravings,"Bakery, Desserts, Street Food, Fast Food",https://www.zomato.com/gwalior/cakes-and-cravings-mahalgaon/info,Bakery,,300
Alfredo's Pizza,"Pizza, Burger, Fast Food",https://www.zomato.com/gwalior/alfredos-pizza-lashkar/info,Pizza,3.2,300
Indian Shake,"Fast Food, Juices",https://www.zomato.com/gwalior/indian-shake-city-center/info,Fast Food,3.0,250
Maggi Adda,"Fast Food, Street Food, Sandwich",https://www.zomato.com/gwalior/maggi-adda-lashkar/info,Fast Food,,200
One Bite,"Burger, Pizza, Fast Food, Waffle, Beverages",https://www.zomato.com/gwalior/one-bite-deen-dayal-nagar/info,Burger,,300
Haridwar Chotiwala,"North Indian, Chinese, Biryani, Beverages",https://www.zomato.com/gwalior/haridwar-chotiwala-lashkar/info,North Indian,,450
Shri Ram Dabeli Center,"Maharashtrian, Street Food",https://www.zomato.com/gwalior/shri-ram-dabeli-center-shinde-ki-chhawani/info,Maharashtrian,,100
King Uncle,"Chinese, Pizza, Sandwich, Burger",https://www.zomato.com/gwalior/king-uncle-lashkar/info,Chinese,,500
Biryani Queen,"Biryani, Rolls, Kebab, Beverages",https://www.zomato.com/gwalior/biryani-queen-birla-nagar/info,Biryani,,1000
Momo Mafia,"Momos, Burger, Sandwich, Street Food",https://www.zomato.com/gwalior/momo-mafia-city-center/info,Momos,,400
Shri Achleshwar Restaurant,"North Indian, Pizza, Chinese",https://www.zomato.com/gwalior/shri-achleshwar-restaurant-1-lashkar/info,North Indian,,400
The Rolls King,"Rolls, Chinese, Fast Food",https://www.zomato.com/gwalior/the-rolls-king-vinay-nagar/info,Rolls,,150
Shree Khatu Shyam Family Restaurant,"North Indian, Chinese, Pizza, Salad, Fast Food, South Indian, Ice Cream, Shake",https://www.zomato.com/gwalior/shree-khatu-shyam-family-restaurant-deen-dayal-nagar/info,North Indian,,350
Momo Mafia,"Fast Food, Momos, Beverages",https://www.zomato.com/gwalior/momo-mafia-vinay-nagar/info,Fast Food,,200
Angutha Chaap,"North Indian, Biryani, Rolls",https://www.zomato.com/gwalior/angutha-chaap-thatipur/info,North Indian,,250
Satkar Family Restaurant,North Indian,https://www.zomato.com/gwalior/satkar-family-restaurant-deen-dayal-nagar/info,North Indian,,250
Dark Bite Cafe & Restaurant,"Chinese, North Indian, Continental, Italian, Street Food, Ice Cream, Shake, Beverages",https://www.zomato.com/gwalior/dark-bite-cafe-restaurant-vinay-nagar/info,Chinese,,500
Ace Cafe,"North Indian, Chinese, Fast Food, Street Food, Beverages",https://www.zomato.com/gwalior/ace-cafe-shinde-ki-chhawani/info,North Indian,,300
Candle Light Cafe & Resto,"North Indian, Chinese, Fast Food, Continental, Sandwich, Rolls, Shake, Beverages",https://www.zomato.com/gwalior/candle-light-cafe-resto-city-center/info,North Indian,,550
MP07 Cafe And Restaurant,"North Indian, Chinese, Ice Cream",https://www.zomato.com/gwalior/mp07-cafe-and-restaurant-city-center/info,North Indian,,300
Foody's Theka,"Pizza, Sandwich, Burger, Shake, Beverages",https://www.zomato.com/gwalior/foodys-theka-birla-nagar/info,Pizza,,150
Kushwah Fast Food Center,"Fast Food, Chinese, South Indian, Momos, Street Food",https://www.zomato.com/gwalior/kushwah-fast-food-center-city-center/info,Fast Food,,200
Pragyan Chinese Food,"Chinese, South Indian, Fast Food",https://www.zomato.com/gwalior/pragyan-chinese-food-lashkar/info,Chinese,3.7,300
Shukla Tiffin Center And Mess,"North Indian, Chinese",https://www.zomato.com/gwalior/shukla-tiffin-center-and-mess-mahalgaon/info,North Indian,,300
Masala Junction,"North Indian, Chinese, Biryani, Pizza, Fast Food, Street Food, Desserts, Beverages",https://www.zomato.com/gwalior/masala-junction-city-center/info,North Indian,,400
Balaji Soya Chaap Corner,"North Indian, Fast Food, Beverages",https://www.zomato.com/gwalior/balaji-soya-chaap-corner-1-prasad-nagar/info,North Indian,,250
F3 - Food Court,"North Indian, Chinese, South Indian, Pizza, Fast Food, Desserts, Shake, Beverages",https://www.zomato.com/gwalior/f3-food-court-lashkar/info,North Indian,,450
Magpie Inn Resort,"North Indian, Chinese",https://www.zomato.com/gwalior/magpie-inn-resort-gulmohar-city/info,North Indian,,400
The Black Sqaure,"Pizza, Burger, Pasta",https://www.zomato.com/gwalior/the-black-sqaure-naya-bazaar/info,Pizza,,350
Krishna Bakers & Fast Food,"Bakery, Fast Food",https://www.zomato.com/gwalior/krishna-bakers-fast-food-ghosipura/info,Bakery,,200
Cafe Brew Together,"Pizza, Sandwich, Italian, Chinese, Fast Food, South Indian, Shake, Beverages",https://www.zomato.com/gwalior/cafe-brew-together-city-center/info,Pizza,,600
Foodology,"Pizza, Burger, Fast Food, Chinese, South Indian, Street Food, Beverages",https://www.zomato.com/gwalior/foodology-city-center/info,Pizza,,200
Hotel Manglam Inn,"North Indian, Chinese, Beverages",https://www.zomato.com/gwalior/hotel-manglam-inn-thatipur/info,North Indian,,1000
Karwaan - Restro & Cafe,"Pizza, Fast Food, Chinese, Street Food, Tea, Coffee, Shake",https://www.zomato.com/gwalior/karwaan-restro-cafe-city-center/info,Pizza,,300
Tea Lobby Cafe,"Street Food, Pizza, Beverages, Fast Food, Sandwich, Pasta, Burger",https://www.zomato.com/gwalior/tea-lobby-cafe-birla-nagar/info,Street Food,,200
Madrasi Dosa,South Indian,https://www.zomato.com/gwalior/madrasi-dosa-shinde-ki-chhawani/info,South Indian,,250
Avadh Food,"Biryani, Kebab, Rolls",https://www.zomato.com/gwalior/avadh-food-city-center/info,Biryani,,150
Beeda Paan,Paan,https://www.zomato.com/gwalior/beeda-paan-lashkar/info,Paan,,100
Poonam Sweet And Snacks,"Mithai, Fast Food",https://www.zomato.com/gwalior/poonam-sweet-and-snacks-deen-dayal-nagar/info,Mithai,,100
Dai Chinese Corner,"Chinese, Sandwich, Fast Food, South Indian, Beverages, Street Food",https://www.zomato.com/gwalior/dai-chinese-corner-shinde-ki-chhawani/info,Chinese,,300
Uncle Ka Panjabi Tadka,North Indian,https://www.zomato.com/gwalior/uncle-ka-panjabi-tadka-morar/info,North Indian,,300
Seth Ji Ka Dhaba And Family Restaurant,"North Indian, Chinese",https://www.zomato.com/gwalior/seth-ji-ka-dhaba-and-family-restaurant-model-town/info,North Indian,,400
The Golden Cafee,"Fast Food, Sandwich, Pizza, Street Food, Shake, Beverages",https://www.zomato.com/gwalior/the-golden-cafee-naya-bazaar/info,Fast Food,,350
Where's The Food,"North Indian, Chinese, Sandwich, Pizza, Fast Food, Street Food, Tea, Beverages",https://www.zomato.com/gwalior/wheres-the-food-thatipur/info,North Indian,,300
Neel Shri Food Point,"North Indian, Chinese",https://www.zomato.com/gwalior/neel-shri-food-point-lashkar/info,North Indian,,350
Shri Hari Cafe And Restaurant,"North Indian, Burger, Sandwich, Fast Food, Street Food",https://www.zomato.com/gwalior/shri-hari-cafe-and-restaurant-1-vijaynagar/info,North Indian,,350
Mannat Cafe And Family Restaurant,"North Indian, South Indian, Chinese, Fast Food, Beverages",https://www.zomato.com/gwalior/mannat-cafe-and-family-restaurant-morar/info,North Indian,,300
Roll S Mama,"Chinese, Rolls, Momos",https://www.zomato.com/gwalior/roll-s-mama-city-center/info,Chinese,,300
Mayur Family Restaurant,"North Indian, Chinese, Fast Food, Street Food, Healthy Food, Beverages",https://www.zomato.com/gwalior/mayur-family-restaurant-lohamandi/info,North Indian,,200
Mangalam Inn Restaurant,"South Indian, Chinese, Italian, Rolls, Fast Food, Desserts, Juices, Beverages",https://www.zomato.com/gwalior/mangalam-inn-restaurant-deen-dayal-nagar/info,South Indian,,1000
Art Of Momo,Momos,https://www.zomato.com/gwalior/art-of-momo-thatipur/info,Momos,,150
The Pakhras Waffles,Waffle,https://www.zomato.com/gwalior/the-pakhras-waffles-lashkar/info,Waffle,,300
Cafe TCFC,"Cafe, Fast Food, Sandwich, Pizza, Street Food, Desserts, Beverages, Shake",https://www.zomato.com/gwalior/cafe-tcfc-lashkar/info,Cafe,,600
Punjabi Royal Food,"North Indian, Chinese",https://www.zomato.com/gwalior/punjabi-royal-food-1-shinde-ki-chhawani/info,North Indian,,250
The Lazy Pizza,"Pizza, Street Food, Bakery",https://www.zomato.com/gwalior/the-lazy-pizza-lohamandi/info,Pizza,,300
Love Tea Cafe,"Sandwich, Pizza, Fast Food, Chinese, Beverages, Shake",https://www.zomato.com/gwalior/love-tea-cafe-vinay-nagar/info,Sandwich,,300
Hotel Raj Mohan Palace,"North Indian, Chinese, Beverages",https://www.zomato.com/gwalior/hotel-raj-mohan-palace-anand-nagar/info,North Indian,,600
Raja Ice Cream Parlour,"Ice Cream, Bakery, Desserts",https://www.zomato.com/gwalior/raja-ice-cream-parlour-lashkar/info,Ice Cream,,350
Nirmal Restaurant,"Chinese, Fast Food, North Indian, Beverages",https://www.zomato.com/gwalior/nirmal-restaurant-lashkar/info,Chinese,,300
Food Costa,"Pizza, Burger, Fast Food, South Indian, Biryani, Momos, Shake, Beverages",https://www.zomato.com/gwalior/food-costa-city-center/info,Pizza,,350
Mom's Cafe & Restaurant,"Pizza, Burger, Sandwich, Chinese, Street Food, Fast Food, Shake, Beverages",https://www.zomato.com/gwalior/moms-cafe-restaurant-shinde-ki-chhawani/info,Pizza,,450
The Brown Cafe,"Fast Food, Chinese, Pizza, Sandwich, Beverages",https://www.zomato.com/gwalior/the-brown-cafe-anand-nagar/info,Fast Food,,300
Rajwadi Taste Of Rajasthan,"Rajasthani, North Indian, Mughlai, Chinese, Street Food",https://www.zomato.com/gwalior/rajwadi-taste-of-rajasthan-madhav-ganj/info,Rajasthani,,400
Pizza Hot Cafe,"Pizza, Burger, Sandwich, Fast Food, Shake",https://www.zomato.com/gwalior/pizza-hot-cafe-shinde-ki-chhawani/info,Pizza,,150
Biriyani 07,Biryani,https://www.zomato.com/biriyani-07-food-truck/info,Biryani,,200
Ashok Dhaba,"North Indian, Street Food",https://www.zomato.com/gwalior/ashok-dhaba-1-anand-nagar/info,North Indian,,350
The Twilight Cafe,"Fast Food, Beverages, Coffee, Momos, Chinese",https://www.zomato.com/gwalior/the-twilight-cafe-vinay-nagar/info,Fast Food,,200
# D12 Cafe & Restaurant,"Pizza, Sandwich, Pasta, Chinese, Street Food, Fast Food, Desserts, Shake",https://www.zomato.com/gwalior/d12-cafe-restaurant-vinay-nagar/info,Pizza,,300
Apna Family Restaurant,"North Indian, Mughlai, Chinese, Fast Food, Street Food, Ice Cream, Desserts, Beverages",https://www.zomato.com/gwalior/apna-family-restaurant-birla-nagar/info,North Indian,,400
Kukduu Kuuu ...,"North Indian, BBQ, Biryani",https://www.zomato.com/gwalior/kukduu-kuuu-shinde-ki-chhawani/info,North Indian,,450
Level 3 Bar & Restaurant,"Bar Food, North Indian, Chinese",https://www.zomato.com/gwalior/level-3-bar-restaurant-lohamandi/info,Bar Food,,1000
Jai Dandraua Bhojanalya & Family Restaurant,North Indian,https://www.zomato.com/gwalior/jai-dandraua-bhojanalya-family-restaurant-mahalgaon/info,North Indian,,200
Smile HL Fast Food Corner,"Fast Food, Burger, Sandwich, Pizza, Street Food, Beverages",https://www.zomato.com/gwalior/smile-hl-fast-food-corner-birla-nagar/info,Fast Food,,400
Shriram's Food Court,"Rolls, North Indian, Fast Food, Sandwich, Burger, Chinese, Beverages, Pizza",https://www.zomato.com/gwalior/shrirams-food-court-deen-dayal-nagar/info,Rolls,,400
Baking Cart,"Bakery, Desserts",https://www.zomato.com/gwalior/baking-cart-lashkar/info,Bakery,,500
Om Sai Bhojnalay,North Indian,https://www.zomato.com/gwalior/om-sai-bhojnalay-prasad-nagar/info,North Indian,,250
Neel Shree Family Restaurant,"North Indian, Mughlai, Fast Food, Street Food, Beverages",https://www.zomato.com/gwalior/neel-shree-family-restaurant-lashkar/info,North Indian,,500
Kullad Tea Cafe,"Tea, Coffee, Shake, Pizza, Burger, Sandwich, Street Food",https://www.zomato.com/gwalior/kullad-tea-cafe-deen-dayal-nagar/info,Tea,,250
Maxsun Hotel & Banquet,"North Indian, South Indian, Biryani, Chinese, Seafood, Sandwich, Fast Food, Beverages",https://www.zomato.com/gwalior/maxsun-hotel-banquet-thatipur/info,North Indian,,1000
The Central Park Bakery,"Bakery, Desserts",https://www.zomato.com/gwalior/the-central-park-bakery-city-center/info,Bakery,,150
Cafe Romyanic,"Fast Food, Chinese",https://www.zomato.com/gwalior/cafe-romyanic-city-center/info,Fast Food,,250
Jalsa Club & Restaurant,"North Indian, Chinese, Biryani, Kebab, Salad, Continental, Mughlai, Beverages",https://www.zomato.com/gwalior/jalsa-club-restaurant-vijaynagar/info,North Indian,,1200
Comesum Food Plaza,"North Indian, Chinese, Fast Food, Street Food, Beverages",https://www.zomato.com/gwalior/comesum-food-plaza-city-center/info,North Indian,,300
Tik-Tok Fast Food Restaurant And Bakery,"Fast Food, North Indian, Chinese, Beverages",https://www.zomato.com/gwalior/tik-tok-fast-food-restaurant-and-bakery-madhav-ganj/info,Fast Food,,300
Urban Tadka Restaurant,"North Indian, Mughlai, Biryani",https://www.zomato.com/gwalior/urban-tadka-restaurant-morar/info,North Indian,,200
New Ashok Restaurant,"North Indian, Chinese",https://www.zomato.com/gwalior/new-ashok-restaurant-lashkar/info,North Indian,,300
Shukla Family Restaurant,"North Indian, Chinese",https://www.zomato.com/gwalior/shukla-family-restaurant-city-center/info,North Indian,,250
Burger Bud,"Pizza, Burger, Sandwich, Pasta, Shake",https://www.zomato.com/gwalior/burger-bud-birla-nagar/info,Pizza,,250
Eat & Bite Cafe & Restro,"Chinese, Sandwich, Burger, Wraps, Pasta, Fast Food, Street Food",https://www.zomato.com/gwalior/eat-bite-cafe-restro-lashkar/info,Chinese,,300
Simpsonss Pizza,"Pizza, Sandwich, Burger",https://www.zomato.com/gwalior/simpsonss-pizza-deen-dayal-nagar/info,Pizza,,300
Jai Mata Di Tiffin Centre,North Indian,https://www.zomato.com/gwalior/jai-mata-di-tiffin-centre-city-center/info,North Indian,,150
Agrawal Restaurant,North Indian,https://www.zomato.com/gwalior/agrawal-restaurant-2-anand-nagar/info,North Indian,,200
Yummy Sandwich,"Sandwich, Pizza, Burger, Fast Food, Street Food, Beverages",https://www.zomato.com/gwalior/yummy-sandwich-naya-bazaar/info,Sandwich,,350
Shri Ram Krishan Misthan Bhandaar,"Desserts, Street Food, South Indian, Chinese",https://www.zomato.com/gwalior/shri-ram-krishan-misthan-bhandaar-deen-dayal-nagar/info,Desserts,,150
Shan E Agra Restaurant,"North Indian, Mughlai, Chinese, Biryani",https://www.zomato.com/shan-e-agra-food-truck/info,North Indian,,400
Shri Ram's Food Court,"North Indian, Pizza, Burger, Sandwich, Momos, Street Food, Shake, Tea",https://www.zomato.com/gwalior/shri-rams-food-court-deen-dayal-nagar/info,North Indian,,300
Jai Maa Kali Restaurant And Cafe,"North Indian, South Indian, Chinese, Pizza, Sandwich, Fast Food",https://www.zomato.com/gwalior/jai-maa-kali-restaurant-and-cafe-morar/info,North Indian,,300
Tasty-Town,"North Indian, Chinese, Salad, Pizza, Fast Food, Shake, Beverages",https://www.zomato.com/gwalior/tasty-town-birla-nagar/info,North Indian,,300
The Tea Bar Cafe,"Tea, Sandwich, Pizza, Beverages",https://www.zomato.com/gwalior/the-tea-bar-cafe-3-deen-dayal-nagar/info,Tea,,250
Tandoori Chai Wala,"Tea, North Indian",https://www.zomato.com/gwalior/tandoori-chai-wala-city-center/info,Tea,,300
Top N Town Ice Cream Sky Cafe,"Ice Cream, Shake, Desserts",https://www.zomato.com/gwalior/top-n-town-ice-cream-sky-cafe-naya-bazaar/info,Ice Cream,,100
Shri Ram Sweets And Bakery,"Mithai, Bakery",https://www.zomato.com/gwalior/shri-ram-sweets-and-bakery-vinay-nagar/info,Mithai,,300
The Happyness Cafe,"Sandwich, Street Food, Pasta, Fast Food, Pizza, Burger, Tea, Beverages",https://www.zomato.com/gwalior/the-happyness-cafe-vijaynagar/info,Sandwich,,200
Where's The Fork Express,"North Indian, Fast Food, Street Food, Chinese, Momos, Rolls, Beverages",https://www.zomato.com/gwalior/wheres-the-fork-express-city-center/info,North Indian,,300
Shere Punjab,"North Indian, Fast Food, Chinese, Shake",https://www.zomato.com/gwalior/shere-punjab-ghosipura/info,North Indian,,300
Roll La Costa,"Rolls, Momos, Fast Food",https://www.zomato.com/gwalior/roll-la-costa-lashkar/info,Rolls,,200
Bru & Bite Cafe,"Sandwich, Pizza, Street Food, Beverages",https://www.zomato.com/gwalior/bru-bite-cafe-deen-dayal-nagar/info,Sandwich,,200
Momo Mafia,"Momos, Chinese, Fast Food, Street Food, Sandwich, Burger, Shake, Beverages",https://www.zomato.com/gwalior/momo-mafia-shinde-ki-chhawani/info,Momos,,350
Foodiestan,"North Indian, Mughlai, Chinese",https://www.zomato.com/gwalior/foodiestan-city-center/info,North Indian,,450
Erica Cafe Family Restaurant,Fast Food,https://www.zomato.com/gwalior/erica-cafe-family-restaurant-morar/info,Fast Food,,200
Bready Bites,"Sandwich, Street Food",https://www.zomato.com/gwalior/bready-bites-city-center/info,Sandwich,,200
The Pearl,North Indian,https://www.zomato.com/gwalior/the-pearl-city-center/info,North Indian,,1000
Delhi 6,"North Indian, Street Food",https://www.zomato.com/gwalior/delhi-6-thatipur/info,North Indian,,200
