name,cuisine,price,link,main_cuisine,rating,cost_for_two
Molecule,"Asian, Chinese, Bar Food",1000,https://www.zomato.com/gwalior/molecule-lashkar/info,Asian,4.4,"₹1,000 for two people (approx.) Without alcohol"
Kwality Restaurant,"North Indian, Chinese, Continental, Biryani, Desserts",700,https://www.zomato.com/gwalior/kwality-restaurant-city-center/info,North Indian,4.8,₹700 for two people (approx.)
Muscle Vision Nutrition,"Continental, North Indian, Chinese, Sandwich, Fast Food, Shake, Juices, Beverages",450,https://www.zomato.com/gwalior/muscle-vision-nutrition-city-center/info,Continental,3.5,₹450 for two people (approx.)
Starbucks Coffee,"Cafe, Beverages, Coffee",900,https://www.zomato.com/gwalior/starbucks-coffee-city-center/info,Cafe,4.4,₹900 for two people (approx.)
Xero Degrees,"Pizza, Fast Food, Chinese, Burger, Sandwich, Italian, Shake, Beverages",450,https://www.zomato.com/gwalior/xero-degrees-city-center/info,Pizza,4,₹450 for two people (approx.)
Biryani By Kilo,"Biryani, Hyderabadi, Kebab, North Indian, Ice Cream, Desserts",700,https://www.zomato.com/gwalior/biryani-by-kilo-city-center/info,Biryani,4.6,₹700 for two people (approx.)
Param Food Complex,"Chinese, South Indian, North Indian, Italian, Fast Food, Street Food, Bakery, Beverages",500,https://www.zomato.com/gwalior/param-food-complex-3-city-center/info,Chinese,4.4,₹500 for two people (approx.)
Farzi Cafe,"North Indian, Chinese, Fast Food, Kebab",500,https://www.zomato.com/gwalior/farzi-cafe-mahalgaon/info,North Indian,3.2,₹500 for two people (approx.)
McDonald's,"Burger, Fast Food, Beverages, Coffee",500,https://www.zomato.com/gwalior/mcdonalds-lashkar/info,Burger,4.1,₹500 for two people (approx.)
"VYB - Cafe, Bar, Rooftop, Kitchen","Bar Food, Continental, North Indian, Italian, Middle Eastern, Chinese, Fast Food, Desserts",,https://www.zomato.com/gwalior/vyb-cafe-bar-rooftop-kitchen-city-center/info,Bar Food,4,"₹1,400 for two people (approx.) with alcohol"
Todos,"Bar Food, North Indian, Chinese, Seafood, Pizza, Pasta, Fast Food, Desserts",,https://www.zomato.com/gwalior/todos-lashkar/info,Bar Food,-,"₹1,200 for two people (approx.) with alcohol"
Taste Of Punjab,"North Indian, Chinese, Fast Food",500,https://www.zomato.com/gwalior/taste-of-punjab-1-thatipur/info,North Indian,4.1,₹500 for two people (approx.)
Fundoon,"Pizza, Burger, Fast Food, Shake, Beverages, Italian, Chinese",,https://www.zomato.com/gwalior/fundoon-city-center/info,Pizza,-,"₹1,000 for two people (approx.)"
Solanas Chinese & Thai,"Chinese, Thai, Momos, Beverages",,https://www.zomato.com/gwalior/solanas-chinese-thai-model-town/info,Chinese,4,"₹1,000 for two people (approx.)"
Panchvati Gaurav,"North Indian, Rajasthani",500,https://www.zomato.com/gwalior/panchvati-gaurav-city-center/info,North Indian,4.4,₹500 for two people (approx.)
The Bakery Next Door,"Bakery, Pizza, Sandwich, Burger, Fast Food, Chinese, Coffee, Beverages",250,https://www.zomato.com/gwalior/the-bakery-next-door-city-center/info,Bakery,4,₹250 for two people (approx.)
Indish - Radisson,"North Indian, Mughlai, Continental",,https://www.zomato.com/gwalior/indish-radisson-mahalgaon/info,North Indian,4.9,"₹1,500 for two people (approx.)"
Pakwan,"North Indian, Fast Food, Chinese, Italian",500,https://www.zomato.com/gwalior/pakwan-city-center/info,North Indian,4.3,₹500 for two people (approx.)
Bistro 57,"Pizza, Pasta, North Indian, Beverages, Chinese, Italian, Cafe, Desserts",700,https://www.zomato.com/gwalior/bistro-57-city-center/info,Pizza,4.4,₹700 for two people (approx.)
The Bridge - Clark's Inn Suites,"North Indian, Mughlai, Continental, Chinese, Shake",,https://www.zomato.com/gwalior/the-bridge-clarks-inn-suites-lashkar/info,North Indian,4.2,"₹1,500 for two people (approx.)"
Friends Zone,"Fast Food, Chinese, Pizza, Sandwich, Burger, Street Food, Tea, Beverages",300,https://www.zomato.com/gwalior/friends-zone-morar/info,Fast Food,3.3,₹300 for two people (approx.)
The Moziac,"North Indian, Chinese, South Indian, Continental, Fast Food, Biryani, Desserts, Beverages",,https://www.zomato.com/gwalior/the-moziac-city-center/info,North Indian,3.6,"₹1,200 for two people (approx.)"
Delight Hotel - Nayi Sadak,North Indian,400,https://www.zomato.com/gwalior/delight-hotel-nayi-sadak-lashkar/info,North Indian,3.2,₹400 for two people (approx.)
Velkim - Welcome Bakery,"Bakery, South Indian, Chinese, North Indian, Fast Food, Pizza, Sandwich, Desserts",500,https://www.zomato.com/gwalior/velkim-welcome-bakery-lashkar/info,Bakery,3.3,₹500 for two people (approx.)
Haldiram's Sweets and Namkeen,"Mithai, Beverages,",200,https://www.zomato.com/gwalior/haldirams-sweets-and-namkeen-shinde-ki-chhawani/info,Mithai,-,₹200 for two people (approx.)
Raj Bhoj,"North Indian, Chinese, Fast Food, Beverages",700,https://www.zomato.com/gwalior/raj-bhoj-city-center/info,North Indian,4.2,₹700 for two people (approx.)
Riceley,"Biryani, North Indian, Chinese, Mexican, Fast Food, Desserts, Korean, Italian",500,https://www.zomato.com/gwalior/riceley-city-center/info,Biryani,-,₹500 for two people (approx.)
Karishma Hotel,North Indian,200,https://www.zomato.com/gwalior/karishma-hotel-birla-nagar/info,North Indian,4,₹200 for two people (approx.)
Burger King,"Burger, Fast Food, Beverages",300,https://www.zomato.com/gwalior/burger-king-lashkar/info,Burger,-,₹300 for two people (approx.)
Volga Restaurant,"North Indian, Chinese, Mughlai, Biryani, Fast Food, Desserts, Beverages",800,https://www.zomato.com/gwalior/volga-restaurant-lashkar/info,North Indian,4.3,₹800 for two people (approx.)
Cafe Frespresso,"Cafe, Tea, Beverages, Pizza, Sandwich, Pasta, Fast Food, Desserts",750,https://www.zomato.com/gwalior/cafe-frespresso-1-city-center/info,Cafe,4.1,₹750 for two people (approx.)
ChotiWala Restaurant,"North Indian, Chinese",350,https://www.zomato.com/gwalior/chotiwala-restaurant-city-center/info,North Indian,3.9,₹350 for two people (approx.)
Indian Coffee House,"South Indian, Fast Food, Chinese, North Indian, Mughlai, Biryani, Beverages",,https://www.zomato.com/gwalior/indian-coffee-house-1-lashkar/info,South Indian,4,"₹1,000 for two people (approx.)"
The Royal Class Hotel,"North Indian, Chinese",,https://www.zomato.com/gwalior/the-royal-class-hotel-deen-dayal-nagar/info,North Indian,3.5,"₹1,000 for two people (approx.)"
Hotel Centella,"North Indian, Kebab, Chinese, Mughlai, South Indian, Fast Food, Desserts, Beverages",500,https://www.zomato.com/gwalior/hotel-centella-city-center/info,North Indian,3.6,₹500 for two people (approx.)
Barista Coffee,"Cafe, Coffee",300,https://www.zomato.com/gwalior/barista-coffee-mahalgaon/info,Cafe,-,₹300 for two people (approx.)
Anand Restaurant,"North Indian, Chinese, Pizza, Fast Food, South Indian, Mughlai, Beverages",600,https://www.zomato.com/gwalior/anand-restaurant-naya-bazaar/info,North Indian,4.4,₹600 for two people (approx.)
Avadh Foods,"North Indian, Fast Food, Biryani",100,https://www.zomato.com/gwalior/avadh-foods-lashkar/info,North Indian,3.8,₹100 for two people (approx.)
House Of Candy,Desserts,200,https://www.zomato.com/gwalior/house-of-candy-thatipur/info,Desserts,-,₹200 for two people (approx.)
The Burger Company,"Burger, Fast Food, Pizza, Momos, Beverages, Sandwich",600,https://www.zomato.com/gwalior/the-burger-company-city-center/info,Burger,3.8,₹600 for two people (approx.)
Pizza Hut,"Pizza, Fast Food, Desserts, Beverages",300,https://www.zomato.com/gwalior/pizza-hut-city-center/info,Pizza,3.8,₹300 for two people (approx.)
Stockswala Cafe,"Cafe, Coffee, Shake, Beverages, Pizza, Fast Food, Street Food, Desserts",700,https://www.zomato.com/gwalior/stockswala-cafe-city-center/info,Cafe,4.1,₹700 for two people (approx.)
Mahalaxmi Restaurant,"North Indian, Chinese",600,https://www.zomato.com/gwalior/mahalaxmi-restaurant-lashkar/info,North Indian,4.6,₹600 for two people (approx.)
Chaatizza,"Pizza, Pasta, Burger, Sandwich, Fast Food, Street Food, Desserts, Beverages",300,https://www.zomato.com/gwalior/chaatizza-1-city-center/info,Pizza,3.9,₹300 for two people (approx.)
Mughal Darbar,"North Indian, Mughlai, Chinese, Desserts, Ice Cream, Beverages",700,https://www.zomato.com/gwalior/mughal-darbar-lashkar/info,North Indian,4.1,₹700 for two people (approx.)
Hotel Shelter - The Aroma Kitchen,"North Indian, Chinese, Seafood, Beverages, Mughlai, Biryani",,https://www.zomato.com/gwalior/hotel-shelter-the-aroma-kitchen-lashkar/info,North Indian,4,"₹2,000 for two people (approx.) Without alcohol"
Shere Punjab Restaurant,"North Indian, Chinese, Fast Food",600,https://www.zomato.com/gwalior/shere-punjab-restaurant-1-lashkar/info,North Indian,4.2,₹600 for two people (approx.)
Hotel Ambience,"North Indian, Chinese, Fast Food, Shake, Biryani, Mughlai, Continental",,https://www.zomato.com/gwalior/hotel-ambience-city-center/info,North Indian,3.5,"₹1,000 for two people (approx.)"
AdrakCha,"Cafe, Coffee, Tea, Fast Food, Momos, Desserts, Beverages",350,https://www.zomato.com/gwalior/adrakcha-deen-dayal-nagar/info,Cafe,-,₹350 for two people (approx.)
VSF Foods,"Chinese, Momos, Sandwich, Burger, Fast Food",200,https://www.zomato.com/gwalior/vsf-foods-thatipur/info,Chinese,-,₹200 for two people (approx.)
Dream Arena,"Sandwich, Pizza, Fast Food, Chinese, Cafe, North Indian",600,https://www.zomato.com/gwalior/dream-arena-lashkar/info,Sandwich,4.4,₹600 for two people (approx.)
Shiv Shakti Pav Bhaji,"South Indian, Chinese, Street Food",200,https://www.zomato.com/gwalior/shiv-shakti-pav-bhaji-2-vinay-nagar/info,South Indian,3.9,₹200 for two people (approx.)
Nine Tea Nine,"Burger, Sandwich, Fast Food",350,https://www.zomato.com/gwalior/nine-tea-nine-lashkar/info,Burger,3.9,₹350 for two people (approx.)
Pizza Stop Cafe,"Pizza, Burger, Fast Food",400,https://www.zomato.com/gwalior/pizza-stop-cafe-1-lashkar/info,Pizza,3.9,₹400 for two people (approx.)
The Belgian Waffle Co.,"Waffle, Pancake, Desserts, Beverages, Ice Cream",300,https://www.zomato.com/gwalior/the-belgian-waffle-co-city-center/info,Waffle,3.2,₹300 for two people (approx.)
Alfanzo,"North Indian, Chinese, Mithai, South Indian, Pizza, Momos, Continental, Bakery",500,https://www.zomato.com/gwalior/alfanzo-city-center/info,North Indian,4.2,₹500 for two people (approx.)
Pizza Stop Cafe,"Pizza, Fast Food, Beverages",300,https://www.zomato.com/gwalior/pizza-stop-cafe-lashkar/info,Pizza,3.1,₹300 for two people (approx.)
Ashiyana Cafe,"Pizza, Chinese, Sandwich, Shake, Coffee, Beverages",200,https://www.zomato.com/gwalior/ashiyana-cafe-vinay-nagar/info,Pizza,3.5,₹200 for two people (approx.)
Bake N Shake,"Fast Food, Sandwich, Beverages, Desserts",400,https://www.zomato.com/gwalior/bake-n-shake-city-center/info,Fast Food,3.9,₹400 for two people (approx.)
Shere Punjab Maharaja Express Restaurant,"North Indian, Chinese, Desserts, Beverages",,https://www.zomato.com/gwalior/shere-punjab-maharaja-express-restaurant-lashkar/info,North Indian,3.9,"₹1,000 for two people (approx.)"
Karchi Kadhai Restaurant,"North Indian, Chinese, Mughlai, Beverages",500,https://www.zomato.com/gwalior/karchi-kadhai-restaurant-city-center/info,North Indian,2.8,₹500 for two people (approx.)
La Pino'z Pizza,"Pizza, Pasta, Italian, Fast Food",600,https://www.zomato.com/gwalior/la-pinoz-pizza-city-center/info,Pizza,3.8,₹600 for two people (approx.)
Nothing Before Coffee,"Cafe, Coffee, Tea, Shake, Beverages",400,https://www.zomato.com/gwalior/nothing-before-coffee-1-city-center/info,Cafe,-,₹400 for two people (approx.)
Landmark,"North Indian, Mughlai, Chinese, Continental, Desserts, Beverages",,https://www.zomato.com/gwalior/landmark-city-center/info,North Indian,4,"₹1,500 for two people (approx.)"
The Classic Restaurant & Banquet,"North Indian, Pizza, Sandwich, Chinese, Fast Food, Street Food, Desserts, Beverages",500,https://www.zomato.com/gwalior/the-classic-restaurant-banquet-city-center/info,North Indian,3.4,₹500 for two people (approx.)
Cake House In Gwalior,Bakery,350,https://www.zomato.com/gwalior/cake-house-in-gwalior-thatipur/info,Bakery,-,₹350 for two people (approx.)
The Blupearl Hotel,"North Indian, Chinese",,https://www.zomato.com/gwalior/the-blupearl-hotel-lohamandi/info,North Indian,-,"₹1,000 for two people (approx.)"
Burger Buddy,"Burger, Wraps, Fast Food, Beverages",300,https://www.zomato.com/gwalior/burger-buddy-city-center/info,Burger,4.2,₹300 for two people (approx.)
Parmanand Sweets,"Mithai, Street Food, Fast Food, Bakery",250,https://www.zomato.com/gwalior/parmanand-sweets-lashkar/info,Mithai,4.6,₹250 for two people (approx.)
BA Patties Wala,Street Food,150,https://www.zomato.com/gwalior/ba-patties-wala-1-morar/info,Street Food,-,₹150 for two people (approx.)
Momo Adda,"Momos, Fast Food, Beverages, Chinese",300,https://www.zomato.com/gwalior/momo-adda-lashkar/info,Momos,3.9,₹300 for two people (approx.)
SS Kachori Wala,"Street Food, Mithai",300,https://www.zomato.com/gwalior/ss-kachori-wala-naya-bazaar/info,Street Food,4.2,₹300 for two people (approx.)
Social Eatia,"North Indian, Chinese, Italian, Fast Food, Beverages, Healthy Food",,https://www.zomato.com/gwalior/social-eatia-city-center/info,North Indian,3.7,"₹1,100 for two people (approx.)"
Shriram Misthan Bhandar,"Mithai, Desserts, Street Food",200,https://www.zomato.com/gwalior/shriram-misthan-bhandar-deen-dayal-nagar/info,Mithai,3.6,₹200 for two people (approx.)
Urban Dhaba,"Cafe, Coffee, Tea, Continental, North Indian, Chinese, Fast Food, Beverages",600,https://www.zomato.com/gwalior/urban-dhaba-1-city-center/info,Cafe,3.6,₹600 for two people (approx.)
MPT Tansen Residency,"North Indian, Chinese, Seafood, Fast Food, Desserts, Beverages",700,https://www.zomato.com/gwalior/mpt-tansen-residency-birla-nagar/info,North Indian,3.6,₹700 for two people (approx.)
The Fortunaa Avenue,"North Indian, Fast Food",500,https://www.zomato.com/gwalior/the-fortunaa-avenue-city-center/info,North Indian,2.9,₹500 for two people (approx.)
Subway,"Healthy Food, Sandwich, Fast Food, Wraps, Salad, Beverages",400,https://www.zomato.com/gwalior/subway-city-center/info,Healthy Food,3.6,₹400 for two people (approx.)
ROYAL INDIAN RESTAURANT,"North Indian, Chinese, Pizza, Fast Food, Street Food, Desserts, Beverages",350,https://www.zomato.com/gwalior/royal-indian-restaurant-deen-dayal-nagar/info,North Indian,-,₹350 for two people (approx.)
The Golden Village,"North Indian, Chinese, Fast Food, Mughlai, Desserts, Beverages",700,https://www.zomato.com/gwalior/the-golden-village-lashkar/info,North Indian,4.4,₹700 for two people (approx.)
Hotel Narayanam,"North Indian, South Indian, Chinese, Mughlai, Fast Food, Desserts, Beverages, Sichuan",700,https://www.zomato.com/gwalior/hotel-narayanam-morar/info,North Indian,3.7,₹700 for two people (approx.)
Baskin Robbins - Ice Cream Desserts,"Ice Cream, Desserts, Beverages",500,https://www.zomato.com/gwalior/baskin-robbins-ice-cream-desserts-city-center/info,Ice Cream,4.7,₹500 for two people (approx.)
KFC,"Burger, Fast Food, Rolls",450,https://www.zomato.com/gwalior/kfc-birla-nagar/info,Burger,4.1,₹450 for two people (approx.)
Alice In Gelatoland Shahi Durbar,"Ice Cream, Desserts, Pancake, Waffle, Coffee, Shake",300,https://www.zomato.com/gwalior/alice-in-gelatoland-shahi-durbar-city-center/info,Ice Cream,4,₹300 for two people (approx.)
The Central Park,"Chinese, North Indian, Mughlai, Continental, Salad, Desserts, Beverages",,https://www.zomato.com/gwalior/the-central-park-city-center/info,Chinese,4,"₹1,000 for two people (approx.)"
Captain's Cafe,"Coffee, Cafe, Italian, North Indian, Chinese, Fast Food, Desserts, Beverages",600,https://www.zomato.com/gwalior/captains-cafe-city-center/info,Coffee,3.2,₹600 for two people (approx.)
Pizza Fuel Cafe - Bada Lashkar,"Pizza, Fast Food, Burger",300,https://www.zomato.com/gwalior/pizza-fuel-cafe-bada-lashkar-naya-bazaar/info,Pizza,3.9,₹300 for two people (approx.)
Bansiwala,"North Indian, Desserts",300,https://www.zomato.com/gwalior/bansiwala-city-center/info,North Indian,4,₹300 for two people (approx.)
Domino's Pizza,"Pizza, Italian, Pasta, Fast Food, Desserts",400,https://www.zomato.com/gwalior/dominos-pizza-lashkar/info,Pizza,4,₹400 for two people (approx.)
Victorian Vantage,"North Indian, Biryani, Italian, Continental, Chinese, Mughlai, Desserts, Pizza",800,https://www.zomato.com/gwalior/victorian-vantage-lashkar/info,North Indian,4.5,₹800 for two people (approx.)
The Noodles Co.,"Chinese, Thai, Healthy Food, Momos, Fast Food, Shake, Beverages",,https://www.zomato.com/gwalior/the-noodles-co-gulmohar-city/info,Chinese,3.4,"₹1,200 for two people (approx.)"
Sweet Sins Shakes & Desserts,"Beverages, Street Food, Fast Food, Waffle, North Indian",400,https://www.zomato.com/gwalior/sweet-sins-shakes-desserts-city-center/info,Beverages,4.3,₹400 for two people (approx.)
Maddy’s Cafe,"Cafe, Italian, Chinese, Sandwich, Rolls, Desserts, Shake, Beverages",700,https://www.zomato.com/gwalior/maddys-cafe-city-center/info,Cafe,3.9,₹700 for two people (approx.)
Moti Mahal Delux,"North Indian, Mughlai, Chinese, Seafood, Biryani",,https://www.zomato.com/gwalior/moti-mahal-delux-city-center/info,North Indian,3.5,"₹1,000 for two people (approx.)"
Udupi's Kitchen,"South Indian, Biryani, Tea, Beverages",250,https://www.zomato.com/gwalior/udupis-kitchen-city-center/info,South Indian,2.9,₹250 for two people (approx.)
WOW! Momo,"Momos, Chinese, Fast Food, Asian, Beverages",250,https://www.zomato.com/gwalior/wow-momo-city-center/info,Momos,3.7,₹250 for two people (approx.)
Delhi Paranthe Wale,North Indian,400,https://www.zomato.com/gwalior/delhi-paranthe-wale-naya-bazaar/info,North Indian,3.8,₹400 for two people (approx.)
Cakes & More Restaurant,"Bakery, Sandwich, Fast Food, Chinese, North Indian, Street Food, Desserts, Beverages",400,https://www.zomato.com/gwalior/cakes-more-restaurant-lashkar/info,Bakery,3.8,₹400 for two people (approx.)
Hangout Cafe,"Cafe, North Indian, Fast Food, Italian, Chinese, Pasta, Desserts, Beverages",800,https://www.zomato.com/gwalior/hangout-cafe-city-center/info,Cafe,4.2,₹800 for two people (approx.)
Swaad The Taste,"North Indian, Chinese, Fast Food, South Indian, Street Food, Desserts, Beverages",500,https://www.zomato.com/gwalior/swaad-the-taste-morar/info,North Indian,4,₹500 for two people (approx.)
Gurukripa Family Restaurant,"North Indian, South Indian, Chinese, Fast Food",500,https://www.zomato.com/gwalior/gurukripa-family-restaurant-lashkar/info,North Indian,3.9,₹500 for two people (approx.)
Shri Ram Paties Corner,"Fast Food, Sandwich, Beverages",250,https://www.zomato.com/gwalior/shri-ram-paties-corner-lashkar/info,Fast Food,3.7,₹250 for two people (approx.)
Apsara Happy Hours,"North Indian, Chinese, Fast Food, Beverages",700,https://www.zomato.com/gwalior/apsara-happy-hours-shinde-ki-chhawani/info,North Indian,4.1,₹700 for two people (approx.)
Shere Punjab Restaurant & Cafe,"North Indian, Chinese, Fast Food, Cafe, South Indian",400,https://www.zomato.com/gwalior/shere-punjab-restaurant-cafe-city-center/info,North Indian,3.5,₹400 for two people (approx.)
House Of K,"Biryani, Mughlai, North Indian, Rolls, Fast Food, Kebab",,https://www.zomato.com/gwalior/house-of-k-city-center/info,Biryani,4.2,"₹1,000 for two people (approx.)"
FNP Cakes N More,"Bakery, Desserts, Beverages, Cake",300,https://www.zomato.com/gwalior/fnp-cakes-n-more-city-center/info,Bakery,3.4,₹300 for two people (approx.)
Pizza & Burger Hub,"Pizza, Burger, Fast Food, Beverages",350,https://www.zomato.com/gwalior/pizza-burger-hub-lashkar/info,Pizza,3.7,₹350 for two people (approx.)
Shri Ram Sweets And Snacks,Street Food,100,https://www.zomato.com/gwalior/shri-ram-sweets-and-snacks-city-center/info,Street Food,4.1,₹100 for two people (approx.)
The Royal Punjab,"North Indian, South Indian, Chinese, Fast Food, Beverages",700,https://www.zomato.com/gwalior/the-royal-punjab-city-center/info,North Indian,3,₹700 for two people (approx.)
Bantu Dhaba And Family Restaurant,North Indian,300,https://www.zomato.com/gwalior/bantu-dhaba-and-family-restaurant-deen-dayal-nagar/info,North Indian,3.4,₹300 for two people (approx.)
Rajasthani Bhojanalaya,"Rajasthani, North Indian",250,https://www.zomato.com/gwalior/rajasthani-bhojanalaya-lashkar/info,Rajasthani,3.4,₹250 for two people (approx.)
Cook's Fast Food & Bakery,"Bakery, Pizza, Burger, Fast Food, Chinese, North Indian, Sandwich, Beverages",500,https://www.zomato.com/gwalior/cooks-fast-food-bakery-lashkar/info,Bakery,3.8,₹500 for two people (approx.)
Happiness,"North Indian, South Indian, Chinese, Street Food, Fast Food, Beverages",400,https://www.zomato.com/gwalior/happiness-lashkar/info,North Indian,4,₹400 for two people (approx.)
The Mansingh,"North Indian, Mughlai, Biryani, Beverages, Desserts",,https://www.zomato.com/gwalior/the-mansingh-lashkar/info,North Indian,4.1,"₹1,000 for two people (approx.)"
CloudX Cafe,"Cafe, Coffee, Tea, Shake, Beverages, Chinese, Fast Food, Pizza",400,https://www.zomato.com/gwalior/cloudx-cafe-8-city-center/info,Cafe,-,₹400 for two people (approx.)
Ashok Hotel,North Indian,250,https://www.zomato.com/gwalior/ashok-hotel-1-lashkar/info,North Indian,3.7,₹250 for two people (approx.)
Raj Restaurant,"North Indian, Biryani, Mughlai",400,https://www.zomato.com/gwalior/raj-restaurant-lashkar/info,North Indian,4,₹400 for two people (approx.)
Hotel Gold Inn,"North Indian, Chinese, Mughlai, Street Food, Sandwich, Fast Food, Beverages, Kebab",,https://www.zomato.com/gwalior/hotel-gold-inn-lashkar/info,North Indian,-,"₹1,000 for two people (approx.)"
Masala Darbar,"North Indian, Chinese",350,https://www.zomato.com/gwalior/masala-darbar-naya-bazaar/info,North Indian,4.2,₹350 for two people (approx.)
Winni Cakes And More,"Bakery, Desserts, Fast Food, Pizza, Rolls",250,https://www.zomato.com/gwalior/winni-cakes-and-more-city-center/info,Bakery,3.6,₹250 for two people (approx.)
Hotel Mahima,"North Indian, Chinese, Mughlai, Fast Food, Finger Food, Beverages",700,https://www.zomato.com/gwalior/hotel-mahima-city-center/info,North Indian,4,₹700 for two people (approx.) Without alcohol
Shake It Baby,"Beverages, Fast Food, Desserts, Coffee, Burger, Sandwich, Shake, Waffle",300,https://www.zomato.com/gwalior/shake-it-baby-city-center/info,Beverages,4.3,₹300 for two people (approx.)
Punjabi Rasoi,"North Indian, Chinese, Beverages, Street Food",300,https://www.zomato.com/gwalior/punjabi-rasoi-city-center/info,North Indian,4.3,₹300 for two people (approx.)
Chicken Station,North Indian,400,https://www.zomato.com/chicken-station-food-truck/info,North Indian,3.9,₹400 for two people (approx.)
Hype Air Bar & Kitchen,"Bar Food, North Indian, Mughlai, Seafood, Kebab, Chinese, Fast Food",,https://www.zomato.com/gwalior/hype-air-bar-kitchen-city-center/info,Bar Food,-,"₹1,100 for two people (approx.) with alcohol"
Radha Ki Rasoi,"North Indian, Street Food, Burger, South Indian, Chinese, Beverages",400,https://www.zomato.com/gwalior/radha-ki-rasoi-city-center/info,North Indian,4.3,₹400 for two people (approx.)
Parth Juice Cafe Centre,"Beverages, Pizza, Sandwich, Chinese, Fast Food, Ice Cream, Desserts, Burger",300,https://www.zomato.com/gwalior/parth-juice-cafe-centre-morar/info,Beverages,4,₹300 for two people (approx.)
Twisted Toppings Pizza,"Pizza, Burger, Sandwich",250,https://www.zomato.com/gwalior/twisted-toppings-pizza-deen-dayal-nagar/info,Pizza,4.1,₹250 for two people (approx.)
Nainital's Testie Basket,"Fast Food, Biryani, Ice Cream",200,https://www.zomato.com/gwalior/nainitals-testie-basket-thatipur/info,Fast Food,3.4,₹200 for two people (approx.)
Vadilal Hangout,"Ice Cream, Desserts, Shake",200,https://www.zomato.com/gwalior/vadilal-hangout-birla-nagar/info,Ice Cream,3.2,₹200 for two people (approx.)
Khana Khajana Family Restaurant,"North Indian, Chinese, Mughlai, Fast Food",550,https://www.zomato.com/gwalior/khana-khajana-family-restaurant-lashkar/info,North Indian,3.8,₹550 for two people (approx.)
The Star Roof Cafe,"Fast Food, Pizza, Sandwich, Street Food, Chinese, Beverages, Shake",400,https://www.zomato.com/gwalior/the-star-roof-cafe-city-center/info,Fast Food,3.2,₹400 for two people (approx.)
Boxo Burger,"Burger, Pizza, Sandwich, Fast Food, Beverages",400,https://www.zomato.com/gwalior/boxo-burger-city-center/info,Burger,3.8,₹400 for two people (approx.)
Hotel Sai Kripa,"North Indian, Chinese, South Indian, Desserts, Beverages",,https://www.zomato.com/gwalior/hotel-sai-kripa-deen-dayal-nagar/info,North Indian,-,"₹1,000 for two people (approx.)"
Burger Budds,"Burger, Wraps, Sandwich, Fast Food, Momos, Street Food, Shake, Beverages",200,https://www.zomato.com/gwalior/burger-budds-birla-nagar/info,Burger,4.1,₹200 for two people (approx.)
Cosmo Cafe,"Pizza, Chinese, North Indian, Fast Food, Shake, Beverages",600,https://www.zomato.com/gwalior/cosmo-cafe-city-center/info,Pizza,-,₹600 for two people (approx.)
WOW! China,"Chinese, Asian, Fast Food, Beverages, Snacks",300,https://www.zomato.com/gwalior/wow-china-city-center/info,Chinese,3.7,₹300 for two people (approx.)
Ashoka Family Restaurant,North Indian,300,https://www.zomato.com/gwalior/ashoka-family-restaurant-thatipur/info,North Indian,4,₹300 for two people (approx.)
Burger Bytes,"Burger, Wraps, Pizza, Sandwich, Fast Food, Momos, Street Food, Shake",300,https://www.zomato.com/gwalior/burger-bytes-naya-bazaar/info,Burger,-,₹300 for two people (approx.)
Punjabi Food Factory,"North Indian, Rolls, Biryani",400,https://www.zomato.com/gwalior/punjabi-food-factory-lashkar/info,North Indian,3.8,₹400 for two people (approx.)
Hotel Sudarshan,"North Indian, Chinese, South Indian, Fast Food, Mughlai, Biryani, Desserts",550,https://www.zomato.com/gwalior/hotel-sudarshan-lashkar/info,North Indian,4.5,₹550 for two people (approx.)
Food Mafia,"Chinese, Fast Food, Rolls, Pizza, Sandwich, Shake, Beverages",400,https://www.zomato.com/gwalior/food-mafia-lashkar/info,Chinese,3.8,₹400 for two people (approx.)
Lub Lub - World Of Shawarmas,"Shawarma, Lebanese, Mediterranean, Burger",550,https://www.zomato.com/gwalior/lub-lub-world-of-shawarmas-city-center/info,Shawarma,3.8,₹550 for two people (approx.)
Bapu Di Rasoi,"North Indian, Chinese, Fast Food, Desserts, Beverages",400,https://www.zomato.com/gwalior/bapu-di-rasoi-2-city-center/info,North Indian,4.1,₹400 for two people (approx.)
Basil & Bites Woodfired Pizzeria,"Pizza, Italian",400,https://www.zomato.com/gwalior/basil-bites-woodfired-pizzeria-city-center/info,Pizza,-,₹400 for two people (approx.)
Anna Masala Dosa,"South Indian, Fast Food",200,https://www.zomato.com/gwalior/anna-masala-dosa-thatipur/info,South Indian,3.9,₹200 for two people (approx.)
Jiwaji Club - The Club's Kitchen,"Chinese, Fast Food, Street Food, North Indian, Mughlai, Beverages",400,https://www.zomato.com/gwalior/jiwaji-club-the-clubs-kitchen-lashkar/info,Chinese,3.7,₹400 for two people (approx.)
The Ved Mantra,"North Indian, Continental, Fast Food",900,https://www.zomato.com/gwalior/the-ved-mantra-lashkar/info,North Indian,3.6,₹900 for two people (approx.)
Rolls Mania,"Rolls, North Indian, Fast Food, Street Food, Beverages",400,https://www.zomato.com/gwalior/rolls-mania-city-center/info,Rolls,3.8,₹400 for two people (approx.)
Saapadam,"South Indian, Street Food, Beverages",250,https://www.zomato.com/gwalior/saapadam-city-center/info,South Indian,3.1,₹250 for two people (approx.)
MVFC - Shudh Shakahari Bhojan,North Indian,300,https://www.zomato.com/gwalior/mvfc-shudh-shakahari-bhojan-shinde-ki-chhawani/info,North Indian,3,₹300 for two people (approx.)
Bawarchi Club,"Fast Food, Burger, Sandwich",250,https://www.zomato.com/gwalior/bawarchi-club-deen-dayal-nagar/info,Fast Food,3.5,₹250 for two people (approx.)
Chef Direct,"Coffee, Cafe, Chinese, Fast Food, Pizza, Sandwich, Ice Cream, Beverages",350,https://www.zomato.com/gwalior/chef-direct-morar/info,Coffee,4.2,₹350 for two people (approx.)
Rohit Bakers,"Bakery, Desserts",200,https://www.zomato.com/gwalior/rohit-bakers-naya-bazaar/info,Bakery,3.9,₹200 for two people (approx.)
Pepper Street,"Chinese, North Indian, Mughlai, Pizza, Burger, Sandwich, Desserts, Beverages",650,https://www.zomato.com/gwalior/pepper-street-gulmohar-city/info,Chinese,4,₹650 for two people (approx.)
Punjabi Dhaba,North Indian,300,https://www.zomato.com/gwalior/punjabi-dhaba-lashkar/info,North Indian,4,₹300 for two people (approx.)
Teagather Grand,"Fast Food, North Indian, Pizza, Beverages",450,https://www.zomato.com/gwalior/teagather-grand-model-town/info,Fast Food,2.4,₹450 for two people (approx.)
F For Fries,Fast Food,250,https://www.zomato.com/gwalior/f-for-fries-birla-nagar/info,Fast Food,4,₹250 for two people (approx.)
Dairyman's Natural Ice Cream,"Ice Cream, Desserts, Fast Food, Bakery, Beverages",200,https://www.zomato.com/gwalior/dairymans-natural-ice-cream-lashkar/info,Ice Cream,4.2,₹200 for two people (approx.)
Dosa Corner,"South Indian, Fast Food, North Indian, Chinese, Street Food, Beverages, Sichuan",400,https://www.zomato.com/gwalior/dosa-corner-lashkar/info,South Indian,4.2,₹400 for two people (approx.)
Rakesh Juice & Shakes Parlour,"Beverages, Ice Cream, Desserts",200,https://www.zomato.com/gwalior/rakesh-juice-shakes-parlour-lashkar/info,Beverages,3.8,₹200 for two people (approx.)
Chhappan Bhog,"Mithai, Desserts",400,https://www.zomato.com/gwalior/chhappan-bhog-lashkar/info,Mithai,3.7,₹400 for two people (approx.)
Sita Manor Restaurant,"North Indian, Chinese, Sandwich, Fast Food, Desserts, Beverages",800,https://www.zomato.com/gwalior/sita-manor-restaurant-city-center/info,North Indian,4,₹800 for two people (approx.)
Aangan Restaurant,"Street Food, North Indian, Mithai, Chinese",400,https://www.zomato.com/gwalior/aangan-restaurant-prasad-nagar/info,Street Food,4.5,₹400 for two people (approx.)
Pandit's Rolls & Momos,"Momos, Fast Food, Rolls",100,https://www.zomato.com/gwalior/pandits-rolls-momos-lashkar/info,Momos,3.9,₹100 for two people (approx.)
Shivam Pav Bhaji And Pulav Centre,"South Indian, Chinese, Street Food, Fast Food",200,https://www.zomato.com/gwalior/shivam-pav-bhaji-and-pulav-centre-shinde-ki-chhawani/info,South Indian,3,₹200 for two people (approx.)
Sai Bhoj,"North Indian, Fast Food, Beverages",450,https://www.zomato.com/gwalior/sai-bhoj-city-center/info,North Indian,4.5,₹450 for two people (approx.)
Prabha International Hotel,"North Indian, Shake",700,https://www.zomato.com/gwalior/prabha-international-hotel-lashkar/info,North Indian,3.6,₹700 for two people (approx.)
The Bellevue,"North Indian, Chinese, South Indian, Continental",850,https://www.zomato.com/gwalior/the-bellevue-city-center/info,North Indian,3.9,₹850 for two people (approx.)
Hotel Royal Inn,"Fast Food, Chinese, North Indian, Mughlai, Desserts, Beverages",700,https://www.zomato.com/gwalior/hotel-royal-inn-city-center/info,Fast Food,3.9,₹700 for two people (approx.)
Kamakhya Restaurant,"North Indian, Chinese, Fast Food, Street Food, Desserts, Ice Cream, Beverages",500,https://www.zomato.com/gwalior/kamakhya-restaurant-morar/info,North Indian,3.5,₹500 for two people (approx.)
Food Station,"Fast Food, Pizza",150,https://www.zomato.com/gwalior/food-station-madhav-ganj/info,Fast Food,4.1,₹150 for two people (approx.)
Hunger's Snacks,"Fast Food, Chinese, South Indian, Beverages, Pizza",300,https://www.zomato.com/gwalior/hungers-snacks-1-lashkar/info,Fast Food,3.1,₹300 for two people (approx.)
Chat On Chaat - The City Food Court,Street Food,200,https://www.zomato.com/gwalior/chat-on-chaat-the-city-food-court-lashkar/info,Street Food,3.1,₹200 for two people (approx.)
Atithi Inn,"North Indian, Chinese, Fast Food, Beverages, Desserts",600,https://www.zomato.com/gwalior/atithi-inn-shinde-ki-chhawani/info,North Indian,3.7,₹600 for two people (approx.)
Lovely Fruit Shake & Icecream,"Beverages, Ice Cream, Shake",200,https://www.zomato.com/gwalior/lovely-fruit-shake-icecream-thatipur/info,Beverages,3.5,₹200 for two people (approx.)
Tealogy,"Sandwich, Fast Food, Street Food, Beverages",200,https://www.zomato.com/gwalior/tealogy-city-center/info,Sandwich,4.4,₹200 for two people (approx.)
Indian Rasoi,"North Indian, South Indian, Chinese, Fast Food, Beverages",300,https://www.zomato.com/gwalior/indian-rasoi-city-center/info,North Indian,3.7,₹300 for two people (approx.)
Adhura Engineer Food Lab,"South Indian, North Indian, Chinese, Fast Food, Street Food, Rolls, Shake",300,https://www.zomato.com/gwalior/adhura-engineer-food-lab-deen-dayal-nagar/info,South Indian,3.8,₹300 for two people (approx.)
The Road Food,"Chinese, Sandwich, Rolls, Momos, Fast Food, Street Food, Beverages",500,https://www.zomato.com/the-road-food-truck-food-truck/info,Chinese,3.8,₹500 for two people (approx.)
Paarivar Cafeteria & Bakery,"Fast Food, Street Food, Beverages",250,https://www.zomato.com/gwalior/paarivar-cafeteria-bakery-naya-bazaar/info,Fast Food,4.4,₹250 for two people (approx.)
Aggarwal Puri Bhandar,North Indian,150,https://www.zomato.com/gwalior/aggarwal-puri-bhandar-shinde-ki-chhawani/info,North Indian,3.8,₹150 for two people (approx.)
Mom's Cafe,"Cafe, North Indian, Fast Food, Sandwich, Beverages, Coffee, Chinese, Shake",350,https://www.zomato.com/gwalior/moms-cafe-1-city-center/info,Cafe,4.1,₹350 for two people (approx.)
Shri Krishna Family Restaurant,North Indian,250,https://www.zomato.com/gwalior/shri-krishna-family-restaurant-shinde-ki-chhawani/info,North Indian,3.7,₹250 for two people (approx.)
Kamal Nayan The Barbie Themed Cafe & Restaurant,"Cafe, Chinese, Street Food, Fast Food, Pizza, Coffee, Shake, Beverages",300,https://www.zomato.com/gwalior/kamal-nayan-the-barbie-themed-cafe-restaurant-deen-dayal-nagar/info,Cafe,-,₹300 for two people (approx.)
Traffic Jam Cafe,"Fast Food, Chinese, Sandwich, Pizza, Beverages",350,https://www.zomato.com/gwalior/traffic-jam-cafe-vinay-nagar/info,Fast Food,3.7,₹350 for two people (approx.)
Chaudhary Ka Dhaba (C.K.D),"North Indian, Beverages",300,https://www.zomato.com/gwalior/chaudhary-ka-dhaba-c-k-d-thatipur/info,North Indian,3.9,₹300 for two people (approx.)
7 Square,"Burger, Pizza, Fast Food, Street Food, Chinese, North Indian, Desserts, Beverages",300,https://www.zomato.com/gwalior/7-square-thatipur/info,Burger,3.7,₹300 for two people (approx.)
Khan Saab,North Indian,300,https://www.zomato.com/gwalior/khan-saab-city-center/info,North Indian,3.2,₹300 for two people (approx.)
Shere Hind Hotel,North Indian,300,https://www.zomato.com/gwalior/shere-hind-hotel-ghosipura/info,North Indian,4.6,₹300 for two people (approx.)
Chatar Patar,"Street Food, Beverages",200,https://www.zomato.com/gwalior/chatar-patar-city-center/info,Street Food,3.8,₹200 for two people (approx.)
Shan-Shaukat,"Mithai, Street Food",150,https://www.zomato.com/gwalior/shan-shaukat-shinde-ki-chhawani/info,Mithai,4,₹150 for two people (approx.)
Mood Alter Punjabi Tadka,Pizza,250,https://www.zomato.com/gwalior/mood-alter-punjabi-tadka-madhav-ganj/info,Pizza,4.2,₹250 for two people (approx.)
Siddhi Vinayak Restaurant,North Indian,350,https://www.zomato.com/gwalior/siddhi-vinayak-restaurant-prasad-nagar/info,North Indian,4.3,₹350 for two people (approx.)
Anand Bhoj,"North Indian, Fast Food, Beverages",500,https://www.zomato.com/gwalior/anand-bhoj-thatipur/info,North Indian,3.1,₹500 for two people (approx.)
Hotel Jageshwari,"North Indian, Biryani, Mughlai, Chinese, Salad, Ice Cream, Beverages",,https://www.zomato.com/gwalior/hotel-jageshwari-deen-dayal-nagar/info,North Indian,-,"₹1,000 for two people (approx.)"
Brij Bhog Sweets & Namkeen,"Mithai, Desserts",300,https://www.zomato.com/gwalior/brij-bhog-sweets-namkeen-naya-bazaar/info,Mithai,3.6,₹300 for two people (approx.)
Madan Namkeen & Gajak Bhandar,"Mithai, Street Food",150,https://www.zomato.com/gwalior/madan-namkeen-gajak-bhandar-ghosipura/info,Mithai,3.9,₹150 for two people (approx.)
Madhuram Fast Food Corner,North Indian,250,https://www.zomato.com/gwalior/madhuram-fast-food-corner-vinay-nagar/info,North Indian,3.9,₹250 for two people (approx.)
Pandit Zayka,"North Indian, South Indian, Chinese, Fast Food",350,https://www.zomato.com/gwalior/pandit-zayka-morar/info,North Indian,3.9,₹350 for two people (approx.)
Rangla Punjab,"North Indian, Fast Food, Beverages",400,https://www.zomato.com/gwalior/rangla-punjab-city-center/info,North Indian,3.3,₹400 for two people (approx.)
TDR Club & Lounge,"North Indian, Chinese, Burger, Pasta, Fast Food, Desserts, Shake, Beverages",,https://www.zomato.com/gwalior/tdr-club-lounge-1-city-center/info,North Indian,-,"₹1,000 for two people (approx.) Without alcohol"
Pandit Sweets,"Mithai, Street Food, Desserts, Beverages",300,https://www.zomato.com/gwalior/pandit-sweets-shinde-ki-chhawani/info,Mithai,4.1,₹300 for two people (approx.)
Phalsafa - Cafe Fruit Bar,"Coffee, Beverages, Desserts, Italian, Continental",500,https://www.zomato.com/gwalior/phalsafa-cafe-fruit-bar-city-center/info,Coffee,4.1,₹500 for two people (approx.)
The Hope Cafe,"Chinese, South Indian, Fast Food, Sandwich, North Indian, Desserts, Beverages",400,https://www.zomato.com/gwalior/the-hope-cafe-lashkar/info,Chinese,3.9,₹400 for two people (approx.)
Punjabi Zayka,"North Indian, Chinese, Fast Food",300,https://www.zomato.com/gwalior/punjabi-zayka-morar/info,North Indian,3.9,₹300 for two people (approx.)
Chaa-Hut,"Fast Food, Beverages, Sandwich, Tea",200,https://www.zomato.com/gwalior/chaa-hut-deen-dayal-nagar/info,Fast Food,3.7,₹200 for two people (approx.)
The Sigdi Food Hub,"Fast Food, Pizza, Sandwich, Chinese, Street Food",400,https://www.zomato.com/gwalior/the-sigdi-food-hub-1-lashkar/info,Fast Food,4.1,₹400 for two people (approx.)
Khatirdari,"North Indian, Chinese, Mughlai, Biryani, Kebab, Momos",700,https://www.zomato.com/gwalior/khatirdari-lashkar/info,North Indian,3.8,₹700 for two people (approx.)
The Vinayak,"North Indian, Chinese, Fast Food, Desserts",650,https://www.zomato.com/gwalior/the-vinayak-lashkar/info,North Indian,3.7,₹650 for two people (approx.)
Regenta Place,"North Indian, Mughlai, Biryani, Salad, Chinese",,https://www.zomato.com/gwalior/regenta-place-anand-nagar/info,North Indian,-,"₹1,700 for two people (approx.)"
Litti Chokha House,"Bihari, Biryani, North Indian",300,https://www.zomato.com/gwalior/litti-chokha-house-1-deen-dayal-nagar/info,Bihari,3.2,₹300 for two people (approx.)
Pakiza Hotel,"North Indian, Mughlai",300,https://www.zomato.com/gwalior/pakiza-hotel-lashkar/info,North Indian,3.7,₹300 for two people (approx.)
Shri Jodhpur Mishthan Bhandar,"Mithai, Desserts",300,https://www.zomato.com/gwalior/shri-jodhpur-mishthan-bhandar-thatipur/info,Mithai,-,₹300 for two people (approx.)
Food Junction,"North Indian, Chinese, Biryani",450,https://www.zomato.com/gwalior/food-junction-deen-dayal-nagar/info,North Indian,4,₹450 for two people (approx.)
Hotel Dessert Palm,"North Indian, Chinese, Mughlai, Beverages, Desserts, Kebab",900,https://www.zomato.com/gwalior/hotel-dessert-palm-city-center/info,North Indian,4.2,₹900 for two people (approx.)
Khilona Atithi Bhoj,North Indian,400,https://www.zomato.com/gwalior/khilona-atithi-bhoj-lashkar/info,North Indian,4,₹400 for two people (approx.)
Patel Family Restaurant,"North Indian, Chinese, Fast Food, Pizza, Desserts",250,https://www.zomato.com/gwalior/patel-family-restaurant-1-birla-nagar/info,North Indian,3.8,₹250 for two people (approx.)
IAG Food Court (IFC),"Pizza, Fast Food, North Indian, Sandwich",300,https://www.zomato.com/gwalior/iag-food-court-ifc-deen-dayal-nagar/info,Pizza,4,₹300 for two people (approx.)
Punjabi Darbar,"North Indian, Chinese",350,https://www.zomato.com/gwalior/punjabi-darbar-lashkar/info,North Indian,3.5,₹350 for two people (approx.)
Chawla Chicken,"North Indian, Mughlai, Seafood, Fast Food, Chinese",400,https://www.zomato.com/gwalior/chawla-chicken-morar/info,North Indian,3.7,₹400 for two people (approx.)
Dawat Family Restaurant,"North Indian, Chinese, Beverages",400,https://www.zomato.com/gwalior/dawat-family-restaurant-vinay-nagar/info,North Indian,3.7,₹400 for two people (approx.)
The Vedas,"North Indian, Chinese, Fast Food, Desserts, Beverages",900,https://www.zomato.com/gwalior/the-vedas-city-center/info,North Indian,3.2,₹900 for two people (approx.)
Chai Sutta Bar,"Tea, Coffee, Beverages, Burger, Pizza, Sandwich, Fast Food, Street Food",200,https://www.zomato.com/gwalior/chai-sutta-bar-city-center/info,Tea,2.7,₹200 for two people (approx.)
New Annapurna Bhojnalaya,North Indian,150,https://www.zomato.com/gwalior/new-annapurna-bhojnalaya-birla-nagar/info,North Indian,3.6,₹150 for two people (approx.)
Bhopat Nasir Seekh Kabab,"Mughlai, Kebab, Biryani, North Indian",500,https://www.zomato.com/gwalior/bhopat-nasir-seekh-kabab-city-center/info,Mughlai,4.2,₹500 for two people (approx.)
Burger Point,"Burger, Sandwich, Wraps, Fast Food, Shake, Beverages",350,https://www.zomato.com/gwalior/burger-point-thatipur/info,Burger,3.5,₹350 for two people (approx.)
Chawla Punjabi Junction,"North Indian, Mughlai, Biryani",400,https://www.zomato.com/gwalior/chawla-punjabi-junction-city-center/info,North Indian,3.3,₹400 for two people (approx.)
Jatashankar Nashta & Bhojanalya,North Indian,250,https://www.zomato.com/gwalior/jatashankar-nashta-bhojanalya-anand-nagar/info,North Indian,3.5,₹250 for two people (approx.)
Pandit Ji Paranthe Wale,"North Indian, Fast Food, Sandwich, Beverages",300,https://www.zomato.com/gwalior/pandit-ji-paranthe-wale-mahalgaon/info,North Indian,3.9,₹300 for two people (approx.)
Kalp Vriksha- Hotel Vivek Continental,"North Indian, South Indian, Continental, Chinese, Desserts, Beverages",700,https://www.zomato.com/gwalior/kalp-vriksha-hotel-vivek-continental-naya-bazaar/info,North Indian,4.2,₹700 for two people (approx.)
Punjabi Mirch Masala,"North Indian, Street Food",300,https://www.zomato.com/gwalior/punjabi-mirch-masala-naya-bazaar/info,North Indian,3.8,₹300 for two people (approx.)
The Cravings Cafe & Restro,"Cafe, North Indian, Chinese",400,https://www.zomato.com/gwalior/the-cravings-cafe-restro-morar/info,Cafe,3.3,₹400 for two people (approx.)
Ashoka Restaurant,North Indian,300,https://www.zomato.com/gwalior/ashoka-restaurant-lashkar/info,North Indian,4,₹300 for two people (approx.)
Alfa The Cafe,"Pizza, Burger, Sandwich, Pasta, Momos, Street Food, Beverages",250,https://www.zomato.com/gwalior/alfa-the-cafe-thatipur/info,Pizza,3.8,₹250 for two people (approx.)
Hide & Seek Cafe,"Chinese, North Indian, Pizza, Sandwich, Burger, Fast Food, Street Food, Shake",250,https://www.zomato.com/gwalior/hide-seek-cafe-shinde-ki-chhawani/info,Chinese,-,₹250 for two people (approx.)
Hotel Maharaja,"North Indian, Mughlai",500,https://www.zomato.com/gwalior/hotel-maharaja-madhav-ganj/info,North Indian,3.7,₹500 for two people (approx.)
P Punjabi Tadka,"Street Food, North Indian, Beverages, Chinese, Salad",400,https://www.zomato.com/gwalior/p-punjabi-tadka-city-center/info,Street Food,3.9,₹400 for two people (approx.)
Patiala Shahi,"Pizza, Fast Food, Desserts, Chinese, North Indian",400,https://www.zomato.com/gwalior/patiala-shahi-city-center/info,Pizza,3.5,₹400 for two people (approx.)
Yara The Buffet,North Indian,300,https://www.zomato.com/gwalior/yara-the-buffet-city-center/info,North Indian,3.5,₹300 for two people (approx.)
Shiv Shakti Bhojanalya,North Indian,200,https://www.zomato.com/gwalior/shiv-shakti-bhojanalya-morar/info,North Indian,3.3,₹200 for two people (approx.)
Eat Street,"North Indian, Fast Food, Chinese, South Indian",300,https://www.zomato.com/gwalior/eat-street-deen-dayal-nagar/info,North Indian,3.8,₹300 for two people (approx.)
Baba Bakers,Bakery,300,https://www.zomato.com/gwalior/baba-bakers-madhav-ganj/info,Bakery,3.8,₹300 for two people (approx.)
Gurukripa Restaurant And Paratha House,"North Indian, Fast Food, Street Food",300,https://www.zomato.com/gwalior/gurukripa-restaurant-and-paratha-house-city-center/info,North Indian,3.2,₹300 for two people (approx.)
Tandoori Chai,"Fast Food, Beverages",200,https://www.zomato.com/gwalior/tandoori-chai-city-center/info,Fast Food,3.7,₹200 for two people (approx.)
Spice N Handi,"North Indian, Mughlai, Kebab, Pizza, Fast Food, Biryani, Desserts",,https://www.zomato.com/gwalior/spice-n-handi-morar/info,North Indian,4,"₹1,000 for two people (approx.)"
Jain Dabeli Centre,Street Food,100,https://www.zomato.com/gwalior/jain-dabeli-centre-1-morar/info,Street Food,3.9,₹100 for two people (approx.)
Uzbekk,"Fast Food, Rolls, Burger, North Indian, Kebab",350,https://www.zomato.com/gwalior/uzbekk-madhav-ganj/info,Fast Food,3.9,₹350 for two people (approx.)
Shri Banke Bihari,"Juices, Beverages",250,https://www.zomato.com/gwalior/shri-banke-bihari-thatipur/info,Juices,3.4,₹250 for two people (approx.)
Safari Ice Cream,Ice Cream,100,https://www.zomato.com/gwalior/safari-ice-cream-city-center/info,Ice Cream,3.5,₹100 for two people (approx.)
The Treat Fast Food,"Fast Food, Chinese, South Indian, North Indian, Beverages",300,https://www.zomato.com/gwalior/the-treat-fast-food-lashkar/info,Fast Food,3.8,₹300 for two people (approx.)
Hotel Celebration Inn,"North Indian, Chinese, Fast Food, Beverages, Shake",700,https://www.zomato.com/gwalior/hotel-celebration-inn-thatipur/info,North Indian,3.7,₹700 for two people (approx.)
Bake Bihari Juice Centre,"Beverages, Shake, Juices, Ice Cream",200,https://www.zomato.com/gwalior/bake-bihari-juice-centre-city-center/info,Beverages,3.5,₹200 for two people (approx.)
The Roasted Life Cafe,"Chinese, Sandwich, Pizza, Pasta, Fast Food, Street Food, Shake, Beverages",300,https://www.zomato.com/gwalior/the-roasted-life-cafe-model-town/info,Chinese,3.8,₹300 for two people (approx.)
Best Bakers,"Bakery, Desserts",200,https://www.zomato.com/gwalior/best-bakers-shinde-ki-chhawani/info,Bakery,3.9,₹200 for two people (approx.)
Real Momos Taste Of Bhutan,"Momos, Sandwich",200,https://www.zomato.com/gwalior/real-momos-taste-of-bhutan-gulmohar-city/info,Momos,3.3,₹200 for two people (approx.)
Mayur Restaurant,"North Indian, Fast Food, Chinese, Beverages, Shake",500,https://www.zomato.com/gwalior/mayur-restaurant-lashkar/info,North Indian,3.6,₹500 for two people (approx.)
Jain Choice Family Restaurant,"North Indian, Chinese, South Indian, Fast Food",300,https://www.zomato.com/gwalior/jain-choice-family-restaurant-vijaynagar/info,North Indian,3.9,₹300 for two people (approx.)
Chops N Hops,"North Indian, Mughlai, Chinese, Fast Food, Street Food, Biryani, Beverages, Desserts",500,https://www.zomato.com/gwalior/chops-n-hops-9-city-center/info,North Indian,3.7,₹500 for two people (approx.)
Dig N Dine,"North Indian, Fast Food, Wraps, Pizza, Beverages, Sandwich, Pasta, Burger",500,https://www.zomato.com/gwalior/dig-n-dine-1-deen-dayal-nagar/info,North Indian,3.3,₹500 for two people (approx.)
Raj Cool Zone,"Desserts, Beverages",100,https://www.zomato.com/gwalior/raj-cool-zone-naya-bazaar/info,Desserts,3.9,₹100 for two people (approx.)
Pizza By The Way,"Pizza, Fast Food",500,https://www.zomato.com/gwalior/pizza-by-the-way-city-center/info,Pizza,2.3,₹500 for two people (approx.)
Golden Food,"Street Food, North Indian, Chinese, Beverages",300,https://www.zomato.com/gwalior/golden-food-lashkar/info,Street Food,4.4,₹300 for two people (approx.)
Sri Dauji Misthan Bhandar,"Mithai, Desserts, Street Food",100,https://www.zomato.com/gwalior/sri-dauji-misthan-bhandar-shinde-ki-chhawani/info,Mithai,-,₹100 for two people (approx.)
Bamboo Restaurant,"North Indian, Fast Food, Chinese, Desserts, Beverages",600,https://www.zomato.com/gwalior/bamboo-restaurant-lashkar/info,North Indian,3.2,₹600 for two people (approx.)
Bhukha,"North Indian, Chinese, Thai, Cuisine Varies, Shake",400,https://www.zomato.com/gwalior/bhukha-thatipur/info,North Indian,3.1,₹400 for two people (approx.)
City Darbar Restaurant,"North Indian, Chinese, Fast Food, Sandwich, Desserts, Beverages",700,https://www.zomato.com/gwalior/city-darbar-restaurant-lashkar/info,North Indian,4,₹700 for two people (approx.)
Coco Anna,"Shake, Beverages, Fast Food",300,https://www.zomato.com/gwalior/coco-anna-shinde-ki-chhawani/info,Shake,-,₹300 for two people (approx.)
Foodz Inn,"North Indian, Chinese, Fast Food, South Indian, Desserts, Beverages, Shake, Ice Cream",500,https://www.zomato.com/gwalior/foodz-inn-mahalgaon/info,North Indian,4,₹500 for two people (approx.)
Chicken Kraft,North Indian,700,https://www.zomato.com/gwalior/chicken-kraft-lohamandi/info,North Indian,3.6,₹700 for two people (approx.)
Venky's Chicken Xperience,"Biryani, Fast Food, North Indian, Burger, Beverages",400,https://www.zomato.com/gwalior/venkys-chicken-xperience-city-center/info,Biryani,3.7,₹400 for two people (approx.)
Desi Chinese Fast Food,"Chinese, North Indian",250,https://www.zomato.com/gwalior/desi-chinese-fast-food-madhav-ganj/info,Chinese,3.4,₹250 for two people (approx.)
The Road Chef's,Chinese,300,https://www.zomato.com/gwalior/the-road-chefs-lashkar/info,Chinese,3.7,₹300 for two people (approx.)
The Gwalior Family Restaurant,"Chinese, North Indian, Sandwich, Fast Food, Shake, Beverages",400,https://www.zomato.com/gwalior/the-gwalior-family-restaurant-mahalgaon/info,Chinese,3.2,₹400 for two people (approx.)
Ambersariya,North Indian,300,https://www.zomato.com/gwalior/ambersariya-thatipur/info,North Indian,3.9,₹300 for two people (approx.)
Pizza Hub,"Pizza, Burger, Fast Food, Chinese, South Indian, Beverages",400,https://www.zomato.com/gwalior/pizza-hub-deen-dayal-nagar/info,Pizza,3.7,₹400 for two people (approx.)
The Midnight Cafe & Restro,"Fast Food, North Indian, Chinese, Beverages",500,https://www.zomato.com/gwalior/the-midnight-cafe-restro-1-mahalgaon/info,Fast Food,3.8,₹500 for two people (approx.)
Hello Hunger Foods,"North Indian, Fast Food, Street Food, Sandwich, Burger, Beverages",300,https://www.zomato.com/gwalior/hello-hunger-foods-shinde-ki-chhawani/info,North Indian,3.9,₹300 for two people (approx.)
Bhopat Nasir Seekh Kebab Center,North Indian,350,https://www.zomato.com/gwalior/bhopat-nasir-seekh-kebab-center-lashkar/info,North Indian,3.8,₹350 for two people (approx.)
Masala Kraft,"North Indian, Chinese, Fast Food, Beverages, Desserts",800,https://www.zomato.com/gwalior/masala-kraft-lashkar/info,North Indian,3.8,₹800 for two people (approx.)
Angel Dhaba,North Indian,200,https://www.zomato.com/gwalior/angel-dhaba-thatipur/info,North Indian,3.6,₹200 for two people (approx.)
Sector-17 Restaurant,"Fast Food, North Indian, Chinese, Mughlai, Seafood, South Indian, Biryani, Beverages",550,https://www.zomato.com/gwalior/sector-17-restaurant-model-town/info,Fast Food,4,₹550 for two people (approx.)
The Veg Factory,"Chinese, Street Food, Sandwich, Pizza, Burger, Rolls, North Indian, Shake",200,https://www.zomato.com/gwalior/the-veg-factory-city-center/info,Chinese,3.9,₹200 for two people (approx.)
Sankalp,"North Indian, South Indian, Street Food",400,https://www.zomato.com/gwalior/sankalp-birla-nagar/info,North Indian,3.7,₹400 for two people (approx.)
Anil Family Restaurant,"North Indian, Mughlai, Biryani, Chinese, Fast Food",300,https://www.zomato.com/gwalior/anil-family-restaurant-vinay-nagar/info,North Indian,3.8,₹300 for two people (approx.)
Spice 13,North Indian,300,https://www.zomato.com/gwalior/spice-13-lashkar/info,North Indian,3.6,₹300 for two people (approx.)
Chinese Rasoi & Pizza Station,"Pizza, Sandwich, Chinese, Fast Food, Beverages",500,https://www.zomato.com/gwalior/chinese-rasoi-pizza-station-city-center/info,Pizza,3.8,₹500 for two people (approx.)
Perk & Puff,"Fast Food, Pizza, Chinese, Sandwich, Desserts, Beverages",350,https://www.zomato.com/gwalior/perk-puff-lashkar/info,Fast Food,3.8,₹350 for two people (approx.)
Chef's Craft Cafe,"Pizza, Sandwich, Burger, Pasta, Fast Food, Street Food, Shake, Beverages",350,https://www.zomato.com/gwalior/chefs-craft-cafe-birla-nagar/info,Pizza,3.3,₹350 for two people (approx.)
Choice Family Restaurant,"North Indian, Chinese, South Indian",300,https://www.zomato.com/gwalior/choice-family-restaurant-lashkar/info,North Indian,3.9,₹300 for two people (approx.)
Bakers Villa,"Bakery, Desserts, Fast Food",200,https://www.zomato.com/gwalior/bakers-villa-1-deen-dayal-nagar/info,Bakery,3.6,₹200 for two people (approx.)
Taj Chicken Corner,"North Indian, Mughlai",300,https://www.zomato.com/gwalior/taj-chicken-corner-vinay-nagar/info,North Indian,3.9,₹300 for two people (approx.)
Aayati Cafe,"Chinese, Street Food, Fast Food",200,https://www.zomato.com/gwalior/aayati-cafe-2-deen-dayal-nagar/info,Chinese,3.9,₹200 for two people (approx.)
Hotel Yugantar,"North Indian, Chinese, Mughlai, Beverages",650,https://www.zomato.com/gwalior/hotel-yugantar-1-shinde-ki-chhawani/info,North Indian,4,₹650 for two people (approx.)
25x7 Thali,North Indian,300,https://www.zomato.com/gwalior/25x7-thali-city-center/info,North Indian,3.2,₹300 for two people (approx.)
The Food Khor,"Fast Food, North Indian",200,https://www.zomato.com/gwalior/the-food-khor-lashkar/info,Fast Food,3.8,₹200 for two people (approx.)
Mini Cafe,Fast Food,300,https://www.zomato.com/gwalior/mini-cafe-city-center/info,Fast Food,3.7,₹300 for two people (approx.)
Tommatinos,"Pizza, Italian, Burger, Sandwich, Fast Food",400,https://www.zomato.com/gwalior/tommatinos-shinde-ki-chhawani/info,Pizza,3.8,₹400 for two people (approx.)
Grains 'n' Beans,"Bakery, Fast Food",300,https://www.zomato.com/gwalior/grains-n-beans-deen-dayal-nagar/info,Bakery,3.5,₹300 for two people (approx.)
Vadilal,"Fast Food, Ice Cream, Desserts",300,https://www.zomato.com/gwalior/vadilal-city-center/info,Fast Food,3.6,₹300 for two people (approx.)
The Pizza Maxx,"Pizza, Fast Food, Italian, Shake, Beverages",500,https://www.zomato.com/gwalior/the-pizza-maxx-lashkar/info,Pizza,3.2,₹500 for two people (approx.)
The Triangle Restaurant & Cafe,"North Indian, Chinese, Beverages, Biryani, Desserts",800,https://www.zomato.com/gwalior/the-triangle-restaurant-cafe-4-thatipur/info,North Indian,3.4,₹800 for two people (approx.)
Mid City Café,"Beverages, Fast Food, Street Food, Italian, Sandwich, Pizza, Shake",250,https://www.zomato.com/gwalior/mid-city-caf%C3%A9-1-prasad-nagar/info,Beverages,4.1,₹250 for two people (approx.)
Cafe Connection,"Fast Food, Chinese, Desserts, Beverages, Sichuan",300,https://www.zomato.com/gwalior/cafe-connection-1-vinay-nagar/info,Fast Food,-,₹300 for two people (approx.)
Khaalo,"Bakery, Fast Food",250,https://www.zomato.com/gwalior/khaalo-lashkar/info,Bakery,3.4,₹250 for two people (approx.)
Snacks And Cool Point,Fast Food,200,https://www.zomato.com/gwalior/snacks-and-cool-point-deen-dayal-nagar/info,Fast Food,3.9,₹200 for two people (approx.)
Dill's Chawla Restaurant - Since 1998,"North Indian, Mughlai, Chinese, Fast Food",400,https://www.zomato.com/gwalior/dills-chawla-restaurant-since-1998-lashkar/info,North Indian,3.2,₹400 for two people (approx.)
Gwalior Darbar,"North Indian, Chinese, Street Food",250,https://www.zomato.com/gwalior/gwalior-darbar-lashkar/info,North Indian,3.4,₹250 for two people (approx.)
Happy Da Pizza & Patties Cafe,"Pizza, Fast Food, Street Food",350,https://www.zomato.com/gwalior/happy-da-pizza-patties-cafe-anand-nagar/info,Pizza,3.6,₹350 for two people (approx.)
Braj Ki Rasoi & Restaurant,North Indian,350,https://www.zomato.com/gwalior/braj-ki-rasoi-restaurant-shinde-ki-chhawani/info,North Indian,4,₹350 for two people (approx.)
F & C Bakery,"Bakery, Fast Food, Sandwich, Pizza, North Indian",350,https://www.zomato.com/gwalior/f-c-bakery-lashkar/info,Bakery,3.2,₹350 for two people (approx.)
Hot Pizza,"Pizza, Fast Food",300,https://www.zomato.com/gwalior/hot-pizza-thatipur/info,Pizza,3.5,₹300 for two people (approx.)
Kaptain's Kitchen,"Fast Food, Chinese",300,https://www.zomato.com/gwalior/kaptains-kitchen-morar/info,Fast Food,4.1,₹300 for two people (approx.)
Cantine Bistro,"Coffee, Shake, Burger, Street Food, Pasta, Sandwich, Pizza, Fast Food",250,https://www.zomato.com/gwalior/cantine-bistro-deen-dayal-nagar/info,Coffee,3.5,₹250 for two people (approx.)
K Cube Restaurant,"South Indian, Chinese, North Indian, Street Food, Fast Food, Beverages",300,https://www.zomato.com/gwalior/k-cube-restaurant-lashkar/info,South Indian,3.7,₹300 for two people (approx.)
Chai Premier League,"Fast Food, Pizza, Beverages, Tea, Shake, Sandwich, Burger",300,https://www.zomato.com/gwalior/chai-premier-league-thatipur/info,Fast Food,3.3,₹300 for two people (approx.)
Aarya South Indian Jayka,South Indian,200,https://www.zomato.com/gwalior/aarya-south-indian-jayka-ghosipura/info,South Indian,3.5,₹200 for two people (approx.)
Sweet & Salt Restaurant,"North Indian, Fast Food, Chinese, South Indian, Desserts, Beverages",500,https://www.zomato.com/gwalior/sweet-salt-restaurant-1-morar/info,North Indian,3.1,₹500 for two people (approx.)
Relish Bakers,"Bakery, Desserts, Fast Food, Pizza, Burger, Beverages",500,https://www.zomato.com/gwalior/relish-bakers-mahalgaon/info,Bakery,3,₹500 for two people (approx.)
The Metro Food Junction,"Chinese, Fast Food",250,https://www.zomato.com/gwalior/the-metro-food-junction-1-lashkar/info,Chinese,3.3,₹250 for two people (approx.)
Virasat 'E' Punjab,"North Indian, Chinese, Sandwich, Desserts, Beverages",,https://www.zomato.com/gwalior/virasat-e-punjab-1-gulmohar-city/info,North Indian,-,"₹1,100 for two people (approx.)"
Foodeee Hub.Com Cafe And Family Restaurant,"Chinese, North Indian, Rolls, Burger, Pasta, Pizza, Street Food, Beverages",300,https://www.zomato.com/gwalior/foodeee-hub-com-cafe-and-family-restaurant-lohamandi/info,Chinese,3.5,₹300 for two people (approx.)
Bleu,"Bakery, Fast Food, Beverages",250,https://www.zomato.com/gwalior/bleu-2-city-center/info,Bakery,-,₹250 for two people (approx.)
NH-44 Cafe,"Chinese, Fast Food, Pizza, Pasta, Sandwich, Street Food, Shake, Beverages",400,https://www.zomato.com/gwalior/nh-44-cafe-1-deen-dayal-nagar/info,Chinese,3.4,₹400 for two people (approx.)
Gurudev Parcel Counter,"North Indian, Pizza, Chinese",150,https://www.zomato.com/gwalior/gurudev-parcel-counter-madhav-ganj/info,North Indian,3.4,₹150 for two people (approx.)
Atithi Bhoj Restaurant,North Indian,300,https://www.zomato.com/gwalior/atithi-bhoj-restaurant-shinde-ki-chhawani/info,North Indian,3.6,₹300 for two people (approx.)
Rishav Pizza Cafe,"Pizza, Fast Food, Burger, Sandwich",300,https://www.zomato.com/gwalior/rishav-pizza-cafe-madhav-ganj/info,Pizza,3.3,₹300 for two people (approx.)
Hut-k Cafe,"Chinese, Pizza, Burger, Sandwich, Fast Food, Shake, Beverages",250,https://www.zomato.com/gwalior/hut-k-cafe-madhav-ganj/info,Chinese,3.4,₹250 for two people (approx.)
V Rasoi Restaurant,"North Indian, South Indian, Chinese, Street Food, Fast Food",400,https://www.zomato.com/gwalior/v-rasoi-restaurant-birla-nagar/info,North Indian,3.2,₹400 for two people (approx.)
Handi - Hotel Banjara,"North Indian, Chinese, Pasta, Desserts, Fast Food, Street Food, Beverages",400,https://www.zomato.com/gwalior/handi-hotel-banjara-lashkar/info,North Indian,3.1,₹400 for two people (approx.)
The Royal Maharaja Restaurant & Cafe,"Rolls, Fast Food, Shake",250,https://www.zomato.com/gwalior/the-royal-maharaja-restaurant-cafe-city-center/info,Rolls,3.9,₹250 for two people (approx.)
Shri Siddhi Vinayak Restaurant,North Indian,300,https://www.zomato.com/gwalior/shri-siddhi-vinayak-restaurant-shinde-ki-chhawani/info,North Indian,3.3,₹300 for two people (approx.)
Shree Balaji Sweet Bakery Restaurant,"Mithai, Desserts, North Indian, Street Food, Chinese, Pizza, Fast Food, Beverages",400,https://www.zomato.com/gwalior/shree-balaji-sweet-bakery-restaurant-1-deen-dayal-nagar/info,Mithai,3.5,₹400 for two people (approx.)
Burger House,"Burger, Wraps, Fast Food, Sandwich, Beverages",350,https://www.zomato.com/gwalior/burger-house-shinde-ki-chhawani/info,Burger,3.8,₹350 for two people (approx.)
Kings Pizza,"Pizza, Burger, Sandwich, Fast Food",350,https://www.zomato.com/gwalior/kings-pizza-1-vinay-nagar/info,Pizza,3.6,₹350 for two people (approx.)
Delhi-6 Ke Lajabab Parathe,North Indian,300,https://www.zomato.com/gwalior/delhi-6-ke-lajabab-parathe-shinde-ki-chhawani/info,North Indian,3.6,₹300 for two people (approx.)
Vishnu Bakery,Bakery,300,https://www.zomato.com/gwalior/vishnu-bakery-madhav-ganj/info,Bakery,3.8,₹300 for two people (approx.)
Sugar Palm Hotel,"North Indian, Mughlai, Chinese, Fast Food, Street Food",750,https://www.zomato.com/gwalior/sugar-palm-hotel-city-center/info,North Indian,-,₹750 for two people (approx.)
Little Gwalior Cafe Restaurant,"Fast Food, Street Food, Chinese, North Indian, South Indian, Rolls, Desserts, Beverages",400,https://www.zomato.com/gwalior/little-gwalior-cafe-restaurant-lashkar/info,Fast Food,2.3,₹400 for two people (approx.)
The Graduate Chill Point,"Fast Food, Street Food, Shake, Beverages, Ice Cream",250,https://www.zomato.com/gwalior/the-graduate-chill-point-gulmohar-city/info,Fast Food,3.9,₹250 for two people (approx.)
Sat Sahib Fast Food Corner,"Fast Food, North Indian",350,https://www.zomato.com/gwalior/sat-sahib-fast-food-corner-deen-dayal-nagar/info,Fast Food,3.5,₹350 for two people (approx.)
Taste Of Chambal,"North Indian, Biryani",350,https://www.zomato.com/gwalior/taste-of-chambal-1-deen-dayal-nagar/info,North Indian,-,₹350 for two people (approx.)
Frontier Restaurent & Parcel Counter,North Indian,400,https://www.zomato.com/gwalior/frontier-restaurent-parcel-counter-lashkar/info,North Indian,3.3,₹400 for two people (approx.)
Dr Burger,"Burger, Momos, Sandwich, Pizza, Street Food, Shake, Beverages",300,https://www.zomato.com/gwalior/dr-burger-morar/info,Burger,3.3,₹300 for two people (approx.)
Bento Caafe,"Chinese, Pizza, Burger, Fast Food, Sichuan, Street Food, Shake, Beverages",250,https://www.zomato.com/gwalior/bento-caafe-birla-nagar/info,Chinese,-,₹250 for two people (approx.)
Shivaay Restaurant,"North Indian, Chinese, Salad",500,https://www.zomato.com/gwalior/shivaay-restaurant-kala-saiyad/info,North Indian,3.5,₹500 for two people (approx.)
Vansi Fast Food,"Fast Food, South Indian, Pizza, Street Food, Chinese",200,https://www.zomato.com/gwalior/vansi-fast-food-anand-nagar/info,Fast Food,3.6,₹200 for two people (approx.)
Kaurav Sweets,Mithai,300,https://www.zomato.com/gwalior/kaurav-sweets-naya-bazaar/info,Mithai,3.2,₹300 for two people (approx.)
Chit Chat Cafe,"Fast Food, Pizza, Momos, Beverages",250,https://www.zomato.com/gwalior/chit-chat-cafe-deen-dayal-nagar/info,Fast Food,2.5,₹250 for two people (approx.)
Bhakti Bhojnalaya & Family Restaurant,North Indian,350,https://www.zomato.com/gwalior/bhakti-bhojnalaya-family-restaurant-deen-dayal-nagar/info,North Indian,3.3,₹350 for two people (approx.)
S And V,"Chinese, Pizza, Sandwich, Fast Food, Street Food, Beverages",400,https://www.zomato.com/gwalior/s-and-v-lashkar/info,Chinese,3.4,₹400 for two people (approx.)
Lazeez Cafe & Restro,"North Indian, Chinese",650,https://www.zomato.com/gwalior/lazeez-cafe-restro-lashkar/info,North Indian,3,₹650 for two people (approx.)
The Kings Inn,"North Indian, Chinese",300,https://www.zomato.com/gwalior/the-kings-inn-vinay-nagar/info,North Indian,3.3,₹300 for two people (approx.)
La' Atmos,"Pasta, Fast Food, Pizza, Sandwich, Shake, Beverages, Desserts",700,https://www.zomato.com/gwalior/la-atmos-city-center/info,Pasta,3,₹700 for two people (approx.)
Silver Spoon Restaurant,"North Indian, Chinese, Fast Food",300,https://www.zomato.com/gwalior/silver-spoon-restaurant-city-center/info,North Indian,-,₹300 for two people (approx.)
Shree Jodhana Misthan Bhandaar,"Mithai, Street Food",200,https://www.zomato.com/gwalior/shree-jodhana-misthan-bhandaar-lashkar/info,Mithai,-,₹200 for two people (approx.)
Bhog Raj Namkeen,Fast Food,250,https://www.zomato.com/gwalior/bhog-raj-namkeen-anand-nagar/info,Fast Food,3.3,₹250 for two people (approx.)
Vital Restaurant,"Biryani, North Indian",350,https://www.zomato.com/gwalior/vital-restaurant-birla-nagar/info,Biryani,3.2,₹350 for two people (approx.)
Ajanta Restaurant,"North Indian, Mughlai",500,https://www.zomato.com/gwalior/ajanta-restaurant-city-center/info,North Indian,2.7,₹500 for two people (approx.)
The Taste Of Chambal,"Fast Food, Chinese, North Indian, Shake, Beverages",400,https://www.zomato.com/gwalior/the-taste-of-chambal-2-vinay-nagar/info,Fast Food,3.2,₹400 for two people (approx.)
Punjab Da Tadka,"Chinese, Kebab",300,https://www.zomato.com/gwalior/punjab-da-tadka-mahalgaon/info,Chinese,3.2,₹300 for two people (approx.)
Choice Fast Food,"North Indian, Fast Food, Chinese, South Indian",300,https://www.zomato.com/gwalior/choice-fast-food-lashkar/info,North Indian,3.6,₹300 for two people (approx.)
Spicy Indian Cafe & Restaurant,"North Indian, Chinese, Fast Food",400,https://www.zomato.com/gwalior/spicy-indian-cafe-restaurant-naya-bazaar/info,North Indian,3.3,₹400 for two people (approx.)
Devki Grand,"North Indian, Biryani, Chinese, Kebab, Fast Food, Street Food, Sandwich",,https://www.zomato.com/gwalior/devki-grand-2-gulmohar-city/info,North Indian,-,"₹1,000 for two people (approx.)"
Fukrey Back Bencher,"South Indian, Pizza, Sandwich, Fast Food, Street Food, Chinese, Shake, Beverages",200,https://www.zomato.com/gwalior/fukrey-back-bencher-morar/info,South Indian,3.3,₹200 for two people (approx.)
Maharaja Restaurant Veg & Non Veg,"North Indian, Mughlai, Biryani",400,https://www.zomato.com/gwalior/maharaja-restaurant-veg-non-veg-deen-dayal-nagar/info,North Indian,-,₹400 for two people (approx.)
Shri Ram Bhojalaya - Pinku Da Dhaba,North Indian,250,https://www.zomato.com/gwalior/shri-ram-bhojalaya-pinku-da-dhaba-deen-dayal-nagar/info,North Indian,3.1,₹250 for two people (approx.)
The Sandwich Hub,"Sandwich, Rolls, Fast Food, Beverages",350,https://www.zomato.com/gwalior/the-sandwich-hub-shinde-ki-chhawani/info,Sandwich,3.3,₹350 for two people (approx.)
Jodhpur Wala Restaurant,"Street Food, Fast Food, Chinese, North Indian, Pizza, Shake, South Indian",400,https://www.zomato.com/gwalior/jodhpur-wala-restaurant-morar/info,Street Food,2.9,₹400 for two people (approx.)
Agrawal Family Restaurant,"North Indian, Chinese, Mughlai, Fast Food, Street Food, South Indian, Desserts, Beverages",400,https://www.zomato.com/gwalior/agrawal-family-restaurant-lashkar/info,North Indian,3.3,₹400 for two people (approx.)
Asgardian The Party World,"Fast Food, Chinese",200,https://www.zomato.com/gwalior/asgardian-the-party-world-vinay-nagar/info,Fast Food,3.4,₹200 for two people (approx.)
Sohan Dairy and Sweets,Mithai,500,https://www.zomato.com/gwalior/sohan-dairy-and-sweets-lashkar/info,Mithai,-,₹500 for two people (approx.)
Swastik Restaurant,"North Indian, Chinese, Desserts, Beverages",500,https://www.zomato.com/gwalior/swastik-restaurant-shinde-ki-chhawani/info,North Indian,2.7,₹500 for two people (approx.)
Ambika Hotel,"North Indian, Rolls",400,https://www.zomato.com/gwalior/ambika-hotel-thatipur/info,North Indian,3.4,₹400 for two people (approx.)
Blueberry Restaurant,"North Indian, South Indian, Chinese, Fast Food, Street Food, Desserts",500,https://www.zomato.com/gwalior/blueberry-restaurant-morar/info,North Indian,3.6,₹500 for two people (approx.)
Punjab Di Kitchen,"North Indian, South Indian, Chinese, Fast Food",300,https://www.zomato.com/gwalior/punjab-di-kitchen-lashkar/info,North Indian,2.9,₹300 for two people (approx.)
Arora's Cafe & Restro,"North Indian, Fast Food, Chinese, Beverages",300,https://www.zomato.com/gwalior/aroras-cafe-restro-thatipur/info,North Indian,2.8,₹300 for two people (approx.)
Gurukirpa Restaurant,North Indian,400,https://www.zomato.com/gwalior/gurukirpa-restaurant-thatipur/info,North Indian,2.9,₹400 for two people (approx.)
Cute Couple Cafe,"Chinese, Fast Food, Street Food, Beverages, Shake",300,https://www.zomato.com/gwalior/cute-couple-cafe-morar/info,Chinese,-,₹300 for two people (approx.)
Pizza Crunchy Cafe Burger,"Pizza, Fast Food",300,https://www.zomato.com/gwalior/pizza-crunchy-cafe-burger-3-prasad-nagar/info,Pizza,3.3,₹300 for two people (approx.)
Food Zo,"Fast Food, Chinese, Sandwich, Momos, Beverages",250,https://www.zomato.com/gwalior/food-zo-naya-bazaar/info,Fast Food,3.2,₹250 for two people (approx.)
Bikanervala,"Mithai, North Indian, South Indian, Street Food, Fast Food, Juices, Beverages",500,https://www.zomato.com/gwalior/bikanervala-city-center/info,Mithai,3.3,₹500 for two people (approx.)
Pizza Central,Pizza,300,https://www.zomato.com/gwalior/pizza-central-morar/info,Pizza,3.2,₹300 for two people (approx.)
845 Caffetrow,"Chinese, Fast Food, Street Food, Beverages",250,https://www.zomato.com/gwalior/845-caffetrow-city-center/info,Chinese,2.6,₹250 for two people (approx.)
Shahi Sweets,"Mithai, Street Food, Desserts",400,https://www.zomato.com/gwalior/shahi-sweets-1-city-center/info,Mithai,-,₹400 for two people (approx.)
Jain's Sita Rasoi,"North Indian, Chinese, Fast Food",450,https://www.zomato.com/gwalior/jains-sita-rasoi-morar/info,North Indian,3.3,₹450 for two people (approx.)
Waffles Pizza Company,"Fast Food, Pizza, Desserts",400,https://www.zomato.com/gwalior/waffles-pizza-company-lashkar/info,Fast Food,2.8,₹400 for two people (approx.)
Nescafe,"Cafe, Pizza, Burger, Pasta, Sandwich, Fast Food, Shake, Beverages",500,https://www.zomato.com/gwalior/nescafe-morar/info,Cafe,-,₹500 for two people (approx.)
Cakes And Cravings,"Bakery, Desserts, Street Food, Fast Food",300,https://www.zomato.com/gwalior/cakes-and-cravings-mahalgaon/info,Bakery,-,₹300 for two people (approx.)
Alfredo's Pizza,"Pizza, Burger, Fast Food",300,https://www.zomato.com/gwalior/alfredos-pizza-lashkar/info,Pizza,3.2,₹300 for two people (approx.)
Indian Shake,"Fast Food, Juices",250,https://www.zomato.com/gwalior/indian-shake-city-center/info,Fast Food,3,₹250 for two people (approx.)
Maggi Adda,"Fast Food, Street Food, Sandwich",200,https://www.zomato.com/gwalior/maggi-adda-lashkar/info,Fast Food,-,₹200 for two people (approx.)
One Bite,"Burger, Pizza, Fast Food, Waffle, Beverages",300,https://www.zomato.com/gwalior/one-bite-deen-dayal-nagar/info,Burger,-,₹300 for two people (approx.)
Haridwar Chotiwala,"North Indian, Chinese, Biryani, Beverages",450,https://www.zomato.com/gwalior/haridwar-chotiwala-lashkar/info,North Indian,-,₹450 for two people (approx.)
Shri Ram Dabeli Center,"Maharashtrian, Street Food",100,https://www.zomato.com/gwalior/shri-ram-dabeli-center-shinde-ki-chhawani/info,Maharashtrian,-,₹100 for two people (approx.)
King Uncle,"Chinese, Pizza, Sandwich, Burger",500,https://www.zomato.com/gwalior/king-uncle-lashkar/info,Chinese,-,₹500 for two people (approx.)
Biryani Queen,"Biryani, Rolls, Kebab, Beverages",,https://www.zomato.com/gwalior/biryani-queen-birla-nagar/info,Biryani,-,"₹1,000 for two people (approx.)"
Momo Mafia,"Momos, Burger, Sandwich, Street Food",400,https://www.zomato.com/gwalior/momo-mafia-city-center/info,Momos,-,₹400 for two people (approx.)
Shri Achleshwar Restaurant,"North Indian, Pizza, Chinese",400,https://www.zomato.com/gwalior/shri-achleshwar-restaurant-1-lashkar/info,North Indian,-,₹400 for two people (approx.)
The Rolls King,"Rolls, Chinese, Fast Food",150,https://www.zomato.com/gwalior/the-rolls-king-vinay-nagar/info,Rolls,-,₹150 for two people (approx.)
Shree Khatu Shyam Family Restaurant,"North Indian, Chinese, Pizza, Salad, Fast Food, South Indian, Ice Cream, Shake",350,https://www.zomato.com/gwalior/shree-khatu-shyam-family-restaurant-deen-dayal-nagar/info,North Indian,-,₹350 for two people (approx.)
Momo Mafia,"Fast Food, Momos, Beverages",200,https://www.zomato.com/gwalior/momo-mafia-vinay-nagar/info,Fast Food,-,₹200 for two people (approx.)
Angutha Chaap,"North Indian, Biryani, Rolls",250,https://www.zomato.com/gwalior/angutha-chaap-thatipur/info,North Indian,-,₹250 for two people (approx.)
Satkar Family Restaurant,North Indian,250,https://www.zomato.com/gwalior/satkar-family-restaurant-deen-dayal-nagar/info,North Indian,-,₹250 for two people (approx.)
Dark Bite Cafe & Restaurant,"Chinese, North Indian, Continental, Italian, Street Food, Ice Cream, Shake, Beverages",500,https://www.zomato.com/gwalior/dark-bite-cafe-restaurant-vinay-nagar/info,Chinese,-,₹500 for two people (approx.)
Ace Cafe,"North Indian, Chinese, Fast Food, Street Food, Beverages",300,https://www.zomato.com/gwalior/ace-cafe-shinde-ki-chhawani/info,North Indian,-,₹300 for two people (approx.)
Candle Light Cafe & Resto,"North Indian, Chinese, Fast Food, Continental, Sandwich, Rolls, Shake, Beverages",550,https://www.zomato.com/gwalior/candle-light-cafe-resto-city-center/info,North Indian,-,₹550 for two people (approx.)
MP07 Cafe And Restaurant,"North Indian, Chinese, Ice Cream",300,https://www.zomato.com/gwalior/mp07-cafe-and-restaurant-city-center/info,North Indian,-,₹300 for two people (approx.)
Foody's Theka,"Pizza, Sandwich, Burger, Shake, Beverages",150,https://www.zomato.com/gwalior/foodys-theka-birla-nagar/info,Pizza,-,₹150 for two people (approx.)
Kushwah Fast Food Center,"Fast Food, Chinese, South Indian, Momos, Street Food",200,https://www.zomato.com/gwalior/kushwah-fast-food-center-city-center/info,Fast Food,-,₹200 for two people (approx.)
Pragyan Chinese Food,"Chinese, South Indian, Fast Food",300,https://www.zomato.com/gwalior/pragyan-chinese-food-lashkar/info,Chinese,3.7,₹300 for two people (approx.)
Shukla Tiffin Center And Mess,"North Indian, Chinese",300,https://www.zomato.com/gwalior/shukla-tiffin-center-and-mess-mahalgaon/info,North Indian,-,₹300 for two people (approx.)
Masala Junction,"North Indian, Chinese, Biryani, Pizza, Fast Food, Street Food, Desserts, Beverages",400,https://www.zomato.com/gwalior/masala-junction-city-center/info,North Indian,-,₹400 for two people (approx.)
Balaji Soya Chaap Corner,"North Indian, Fast Food, Beverages",250,https://www.zomato.com/gwalior/balaji-soya-chaap-corner-1-prasad-nagar/info,North Indian,-,₹250 for two people (approx.)
F3 - Food Court,"North Indian, Chinese, South Indian, Pizza, Fast Food, Desserts, Shake, Beverages",450,https://www.zomato.com/gwalior/f3-food-court-lashkar/info,North Indian,-,₹450 for two people (approx.)
Magpie Inn Resort,"North Indian, Chinese",400,https://www.zomato.com/gwalior/magpie-inn-resort-gulmohar-city/info,North Indian,-,₹400 for two people (approx.)
The Black Sqaure,"Pizza, Burger, Pasta",350,https://www.zomato.com/gwalior/the-black-sqaure-naya-bazaar/info,Pizza,-,₹350 for two people (approx.)
Krishna Bakers & Fast Food,"Bakery, Fast Food",200,https://www.zomato.com/gwalior/krishna-bakers-fast-food-ghosipura/info,Bakery,-,₹200 for two people (approx.)
Cafe Brew Together,"Pizza, Sandwich, Italian, Chinese, Fast Food, South Indian, Shake, Beverages",600,https://www.zomato.com/gwalior/cafe-brew-together-city-center/info,Pizza,-,₹600 for two people (approx.)
Foodology,"Pizza, Burger, Fast Food, Chinese, South Indian, Street Food, Beverages",200,https://www.zomato.com/gwalior/foodology-city-center/info,Pizza,-,₹200 for two people (approx.)
Hotel Manglam Inn,"North Indian, Chinese, Beverages",,https://www.zomato.com/gwalior/hotel-manglam-inn-thatipur/info,North Indian,-,"₹1,000 for two people (approx.)"
Karwaan - Restro & Cafe,"Pizza, Fast Food, Chinese, Street Food, Tea, Coffee, Shake",300,https://www.zomato.com/gwalior/karwaan-restro-cafe-city-center/info,Pizza,-,₹300 for two people (approx.)
Tea Lobby Cafe,"Street Food, Pizza, Beverages, Fast Food, Sandwich, Pasta, Burger",200,https://www.zomato.com/gwalior/tea-lobby-cafe-birla-nagar/info,Street Food,-,₹200 for two people (approx.)
Madrasi Dosa,South Indian,250,https://www.zomato.com/gwalior/madrasi-dosa-shinde-ki-chhawani/info,South Indian,-,₹250 for two people (approx.)
Avadh Food,"Biryani, Kebab, Rolls",150,https://www.zomato.com/gwalior/avadh-food-city-center/info,Biryani,-,₹150 for two people (approx.)
Beeda Paan,Paan,100,https://www.zomato.com/gwalior/beeda-paan-lashkar/info,Paan,-,₹100 for two people (approx.)
Poonam Sweet And Snacks,"Mithai, Fast Food",100,https://www.zomato.com/gwalior/poonam-sweet-and-snacks-deen-dayal-nagar/info,Mithai,-,₹100 for two people (approx.)
Dai Chinese Corner,"Chinese, Sandwich, Fast Food, South Indian, Beverages, Street Food",300,https://www.zomato.com/gwalior/dai-chinese-corner-shinde-ki-chhawani/info,Chinese,-,₹300 for two people (approx.)
Uncle Ka Panjabi Tadka,North Indian,300,https://www.zomato.com/gwalior/uncle-ka-panjabi-tadka-morar/info,North Indian,-,₹300 for two people (approx.)
Seth Ji Ka Dhaba And Family Restaurant,"North Indian, Chinese",400,https://www.zomato.com/gwalior/seth-ji-ka-dhaba-and-family-restaurant-model-town/info,North Indian,-,₹400 for two people (approx.)
The Golden Cafee,"Fast Food, Sandwich, Pizza, Street Food, Shake, Beverages",350,https://www.zomato.com/gwalior/the-golden-cafee-naya-bazaar/info,Fast Food,-,₹350 for two people (approx.)
Where's The Food,"North Indian, Chinese, Sandwich, Pizza, Fast Food, Street Food, Tea, Beverages",300,https://www.zomato.com/gwalior/wheres-the-food-thatipur/info,North Indian,-,₹300 for two people (approx.)
Neel Shri Food Point,"North Indian, Chinese",350,https://www.zomato.com/gwalior/neel-shri-food-point-lashkar/info,North Indian,-,₹350 for two people (approx.)
Shri Hari Cafe And Restaurant,"North Indian, Burger, Sandwich, Fast Food, Street Food",350,https://www.zomato.com/gwalior/shri-hari-cafe-and-restaurant-1-vijaynagar/info,North Indian,-,₹350 for two people (approx.)
Mannat Cafe And Family Restaurant,"North Indian, South Indian, Chinese, Fast Food, Beverages",300,https://www.zomato.com/gwalior/mannat-cafe-and-family-restaurant-morar/info,North Indian,-,₹300 for two people (approx.)
Roll S Mama,"Chinese, Rolls, Momos",300,https://www.zomato.com/gwalior/roll-s-mama-city-center/info,Chinese,-,₹300 for two people (approx.)
Mayur Family Restaurant,"North Indian, Chinese, Fast Food, Street Food, Healthy Food, Beverages",200,https://www.zomato.com/gwalior/mayur-family-restaurant-lohamandi/info,North Indian,-,₹200 for two people (approx.)
Mangalam Inn Restaurant,"South Indian, Chinese, Italian, Rolls, Fast Food, Desserts, Juices, Beverages",,https://www.zomato.com/gwalior/mangalam-inn-restaurant-deen-dayal-nagar/info,South Indian,-,"₹1,000 for two people (approx.)"
Art Of Momo,Momos,150,https://www.zomato.com/gwalior/art-of-momo-thatipur/info,Momos,-,₹150 for two people (approx.)
The Pakhras Waffles,Waffle,300,https://www.zomato.com/gwalior/the-pakhras-waffles-lashkar/info,Waffle,-,₹300 for two people (approx.)
Cafe TCFC,"Cafe, Fast Food, Sandwich, Pizza, Street Food, Desserts, Beverages, Shake",600,https://www.zomato.com/gwalior/cafe-tcfc-lashkar/info,Cafe,-,₹600 for two people (approx.)
Punjabi Royal Food,"North Indian, Chinese",250,https://www.zomato.com/gwalior/punjabi-royal-food-1-shinde-ki-chhawani/info,North Indian,-,₹250 for two people (approx.)
The Lazy Pizza,"Pizza, Street Food, Bakery",300,https://www.zomato.com/gwalior/the-lazy-pizza-lohamandi/info,Pizza,-,₹300 for two people (approx.)
Love Tea Cafe,"Sandwich, Pizza, Fast Food, Chinese, Beverages, Shake",300,https://www.zomato.com/gwalior/love-tea-cafe-vinay-nagar/info,Sandwich,-,₹300 for two people (approx.)
Hotel Raj Mohan Palace,"North Indian, Chinese, Beverages",600,https://www.zomato.com/gwalior/hotel-raj-mohan-palace-anand-nagar/info,North Indian,-,₹600 for two people (approx.)
Raja Ice Cream Parlour,"Ice Cream, Bakery, Desserts",350,https://www.zomato.com/gwalior/raja-ice-cream-parlour-lashkar/info,Ice Cream,-,₹350 for two people (approx.)
Nirmal Restaurant,"Chinese, Fast Food, North Indian, Beverages",300,https://www.zomato.com/gwalior/nirmal-restaurant-lashkar/info,Chinese,-,₹300 for two people (approx.)
Food Costa,"Pizza, Burger, Fast Food, South Indian, Biryani, Momos, Shake, Beverages",350,https://www.zomato.com/gwalior/food-costa-city-center/info,Pizza,-,₹350 for two people (approx.)
Mom's Cafe & Restaurant,"Pizza, Burger, Sandwich, Chinese, Street Food, Fast Food, Shake, Beverages",450,https://www.zomato.com/gwalior/moms-cafe-restaurant-shinde-ki-chhawani/info,Pizza,-,₹450 for two people (approx.)
The Brown Cafe,"Fast Food, Chinese, Pizza, Sandwich, Beverages",300,https://www.zomato.com/gwalior/the-brown-cafe-anand-nagar/info,Fast Food,-,₹300 for two people (approx.)
Rajwadi Taste Of Rajasthan,"Rajasthani, North Indian, Mughlai, Chinese, Street Food",400,https://www.zomato.com/gwalior/rajwadi-taste-of-rajasthan-madhav-ganj/info,Rajasthani,-,₹400 for two people (approx.)
Pizza Hot Cafe,"Pizza, Burger, Sandwich, Fast Food, Shake",150,https://www.zomato.com/gwalior/pizza-hot-cafe-shinde-ki-chhawani/info,Pizza,-,₹150 for two people (approx.)
Biriyani 07,Biryani,200,https://www.zomato.com/biriyani-07-food-truck/info,Biryani,-,₹200 for two people (approx.)
Ashok Dhaba,"North Indian, Street Food",350,https://www.zomato.com/gwalior/ashok-dhaba-1-anand-nagar/info,North Indian,-,₹350 for two people (approx.)
The Twilight Cafe,"Fast Food, Beverages, Coffee, Momos, Chinese",200,https://www.zomato.com/gwalior/the-twilight-cafe-vinay-nagar/info,Fast Food,-,₹200 for two people (approx.)
# D12 Cafe & Restaurant,"Pizza, Sandwich, Pasta, Chinese, Street Food, Fast Food, Desserts, Shake",300,https://www.zomato.com/gwalior/d12-cafe-restaurant-vinay-nagar/info,Pizza,-,₹300 for two people (approx.)
Apna Family Restaurant,"North Indian, Mughlai, Chinese, Fast Food, Street Food, Ice Cream, Desserts, Beverages",400,https://www.zomato.com/gwalior/apna-family-restaurant-birla-nagar/info,North Indian,-,₹400 for two people (approx.)
Kukduu Kuuu ...,"North Indian, BBQ, Biryani",450,https://www.zomato.com/gwalior/kukduu-kuuu-shinde-ki-chhawani/info,North Indian,-,₹450 for two people (approx.)
Level 3 Bar & Restaurant,"Bar Food, North Indian, Chinese",,https://www.zomato.com/gwalior/level-3-bar-restaurant-lohamandi/info,Bar Food,-,"₹1,000 for two people (approx.) with alcohol"
Jai Dandraua Bhojanalya & Family Restaurant,North Indian,200,https://www.zomato.com/gwalior/jai-dandraua-bhojanalya-family-restaurant-mahalgaon/info,North Indian,-,₹200 for two people (approx.)
Smile HL Fast Food Corner,"Fast Food, Burger, Sandwich, Pizza, Street Food, Beverages",400,https://www.zomato.com/gwalior/smile-hl-fast-food-corner-birla-nagar/info,Fast Food,-,₹400 for two people (approx.)
Shriram's Food Court,"Rolls, North Indian, Fast Food, Sandwich, Burger, Chinese, Beverages, Pizza",400,https://www.zomato.com/gwalior/shrirams-food-court-deen-dayal-nagar/info,Rolls,-,₹400 for two people (approx.)
Baking Cart,"Bakery, Desserts",500,https://www.zomato.com/gwalior/baking-cart-lashkar/info,Bakery,-,₹500 for two people (approx.)
Om Sai Bhojnalay,North Indian,250,https://www.zomato.com/gwalior/om-sai-bhojnalay-prasad-nagar/info,North Indian,-,₹250 for two people (approx.)
Neel Shree Family Restaurant,"North Indian, Mughlai, Fast Food, Street Food, Beverages",500,https://www.zomato.com/gwalior/neel-shree-family-restaurant-lashkar/info,North Indian,-,₹500 for two people (approx.)
Kullad Tea Cafe,"Tea, Coffee, Shake, Pizza, Burger, Sandwich, Street Food",250,https://www.zomato.com/gwalior/kullad-tea-cafe-deen-dayal-nagar/info,Tea,-,₹250 for two people (approx.)
Maxsun Hotel & Banquet,"North Indian, South Indian, Biryani, Chinese, Seafood, Sandwich, Fast Food, Beverages",,https://www.zomato.com/gwalior/maxsun-hotel-banquet-thatipur/info,North Indian,-,"₹1,000 for two people (approx.)"
The Central Park Bakery,"Bakery, Desserts",150,https://www.zomato.com/gwalior/the-central-park-bakery-city-center/info,Bakery,-,₹150 for two people (approx.)
Cafe Romyanic,"Fast Food, Chinese",250,https://www.zomato.com/gwalior/cafe-romyanic-city-center/info,Fast Food,-,₹250 for two people (approx.)
Jalsa Club & Restaurant,"North Indian, Chinese, Biryani, Kebab, Salad, Continental, Mughlai, Beverages",,https://www.zomato.com/gwalior/jalsa-club-restaurant-vijaynagar/info,North Indian,-,"₹1,200 for two people (approx.) with alcohol"
Comesum Food Plaza,"North Indian, Chinese, Fast Food, Street Food, Beverages",300,https://www.zomato.com/gwalior/comesum-food-plaza-city-center/info,North Indian,-,₹300 for two people (approx.)
Tik-Tok Fast Food Restaurant And Bakery,"Fast Food, North Indian, Chinese, Beverages",300,https://www.zomato.com/gwalior/tik-tok-fast-food-restaurant-and-bakery-madhav-ganj/info,Fast Food,-,₹300 for two people (approx.)
Urban Tadka Restaurant,"North Indian, Mughlai, Biryani",200,https://www.zomato.com/gwalior/urban-tadka-restaurant-morar/info,North Indian,-,₹200 for two people (approx.)
New Ashok Restaurant,"North Indian, Chinese",300,https://www.zomato.com/gwalior/new-ashok-restaurant-lashkar/info,North Indian,-,₹300 for two people (approx.)
Shukla Family Restaurant,"North Indian, Chinese",250,https://www.zomato.com/gwalior/shukla-family-restaurant-city-center/info,North Indian,-,₹250 for two people (approx.)
Burger Bud,"Pizza, Burger, Sandwich, Pasta, Shake",250,https://www.zomato.com/gwalior/burger-bud-birla-nagar/info,Pizza,-,₹250 for two people (approx.)
Eat & Bite Cafe & Restro,"Chinese, Sandwich, Burger, Wraps, Pasta, Fast Food, Street Food",300,https://www.zomato.com/gwalior/eat-bite-cafe-restro-lashkar/info,Chinese,-,₹300 for two people (approx.)
Simpsonss Pizza,"Pizza, Sandwich, Burger",300,https://www.zomato.com/gwalior/simpsonss-pizza-deen-dayal-nagar/info,Pizza,-,₹300 for two people (approx.)
Jai Mata Di Tiffin Centre,North Indian,150,https://www.zomato.com/gwalior/jai-mata-di-tiffin-centre-city-center/info,North Indian,-,₹150 for two people (approx.)
Agrawal Restaurant,North Indian,200,https://www.zomato.com/gwalior/agrawal-restaurant-2-anand-nagar/info,North Indian,-,₹200 for two people (approx.)
Yummy Sandwich,"Sandwich, Pizza, Burger, Fast Food, Street Food, Beverages",350,https://www.zomato.com/gwalior/yummy-sandwich-naya-bazaar/info,Sandwich,-,₹350 for two people (approx.)
Shri Ram Krishan Misthan Bhandaar,"Desserts, Street Food, South Indian, Chinese",150,https://www.zomato.com/gwalior/shri-ram-krishan-misthan-bhandaar-deen-dayal-nagar/info,Desserts,-,₹150 for two people (approx.)
Shan E Agra Restaurant,"North Indian, Mughlai, Chinese, Biryani",400,https://www.zomato.com/shan-e-agra-food-truck/info,North Indian,-,₹400 for two people (approx.)
Shri Ram's Food Court,"North Indian, Pizza, Burger, Sandwich, Momos, Street Food, Shake, Tea",300,https://www.zomato.com/gwalior/shri-rams-food-court-deen-dayal-nagar/info,North Indian,-,₹300 for two people (approx.)
Jai Maa Kali Restaurant And Cafe,"North Indian, South Indian, Chinese, Pizza, Sandwich, Fast Food",300,https://www.zomato.com/gwalior/jai-maa-kali-restaurant-and-cafe-morar/info,North Indian,-,₹300 for two people (approx.)
Tasty-Town,"North Indian, Chinese, Salad, Pizza, Fast Food, Shake, Beverages",300,https://www.zomato.com/gwalior/tasty-town-birla-nagar/info,North Indian,-,₹300 for two people (approx.)
The Tea Bar Cafe,"Tea, Sandwich, Pizza, Beverages",250,https://www.zomato.com/gwalior/the-tea-bar-cafe-3-deen-dayal-nagar/info,Tea,-,₹250 for two people (approx.)
Tandoori Chai Wala,"Tea, North Indian",300,https://www.zomato.com/gwalior/tandoori-chai-wala-city-center/info,Tea,-,₹300 for two people (approx.)
Top N Town Ice Cream Sky Cafe,"Ice Cream, Shake, Desserts",100,https://www.zomato.com/gwalior/top-n-town-ice-cream-sky-cafe-naya-bazaar/info,Ice Cream,-,₹100 for two people (approx.)
Shri Ram Sweets And Bakery,"Mithai, Bakery",300,https://www.zomato.com/gwalior/shri-ram-sweets-and-bakery-vinay-nagar/info,Mithai,-,₹300 for two people (approx.)
The Happyness Cafe,"Sandwich, Street Food, Pasta, Fast Food, Pizza, Burger, Tea, Beverages",200,https://www.zomato.com/gwalior/the-happyness-cafe-vijaynagar/info,Sandwich,-,₹200 for two people (approx.)
Where's The Fork Express,"North Indian, Fast Food, Street Food, Chinese, Momos, Rolls, Beverages",300,https://www.zomato.com/gwalior/wheres-the-fork-express-city-center/info,North Indian,-,₹300 for two people (approx.)
Shere Punjab,"North Indian, Fast Food, Chinese, Shake",300,https://www.zomato.com/gwalior/shere-punjab-ghosipura/info,North Indian,-,₹300 for two people (approx.)
Roll La Costa,"Rolls, Momos, Fast Food",200,https://www.zomato.com/gwalior/roll-la-costa-lashkar/info,Rolls,-,₹200 for two people (approx.)
Bru & Bite Cafe,"Sandwich, Pizza, Street Food, Beverages",200,https://www.zomato.com/gwalior/bru-bite-cafe-deen-dayal-nagar/info,Sandwich,-,₹200 for two people (approx.)
Momo Mafia,"Momos, Chinese, Fast Food, Street Food, Sandwich, Burger, Shake, Beverages",350,https://www.zomato.com/gwalior/momo-mafia-shinde-ki-chhawani/info,Momos,-,₹350 for two people (approx.)
Foodiestan,"North Indian, Mughlai, Chinese",450,https://www.zomato.com/gwalior/foodiestan-city-center/info,North Indian,-,₹450 for two people (approx.)
Erica Cafe Family Restaurant,Fast Food,200,https://www.zomato.com/gwalior/erica-cafe-family-restaurant-morar/info,Fast Food,-,₹200 for two people (approx.)
Bready Bites,"Sandwich, Street Food",200,https://www.zomato.com/gwalior/bready-bites-city-center/info,Sandwich,-,₹200 for two people (approx.)
The Pearl,North Indian,,https://www.zomato.com/gwalior/the-pearl-city-center/info,North Indian,-,"₹1,000 for two people (approx.)"
Delhi 6,"North Indian, Street Food",200,https://www.zomato.com/gwalior/delhi-6-thatipur/info,North Indian,-,₹200 for two people (approx.)
